drop database if exists booking;
create database booking;
use booking;

DROP TABLE IF EXISTS nationalities;
CREATE TABLE nationalities (
	id int auto_increment primary key,	
	nationality VARCHAR(20) NOT NULL
	);
INSERT INTO nationalities (nationality) VALUES 
('Afghan'), ('Argentine'),('Australian'),('American'), 
('Belarusian'), ('Belgian'), ('Brazilian'), ('Bolivian'), ('British'), 
('Cambodian'), ('Canadian'), ('Chilean'), ('Chinese'), ('Colombian'), ('Costa Rican'), ('Cuban'), ('Cypriot'), ('Czech'), 
('Danish'), ('Dominican'), 
('Ecuadorian'), ('Egyptian'), ('Emirati'), 
('Salvadorian'), 
('English'), ('Estonian'), ('Ethiopian'), 
('Finnish'), ('French'), 
('German'), ('Ghanaian'), ('Greek'), ('Guatemalan'), 
('Haitian'), ('Honduran'), ('Hungarian'), 
('Icelandic'), ('Indian'), 
('Indonesian'), ('Iranian'), ('Iraqi'), ('Irish'), ('Israeli'), ('Italian'), 
('Japanese'), ('Jordanian'), 
('Kazakhstani'), ('Kenyan'), 
('Laotian'), ('Latvian'), ('Lebanese'), ('Lithuanian'), 
('Malaysian'), ('Mexican'), ('Montenegrin'), ('Moroccan'), 
('Dutch'), 
('New Zealander'), ('Nicaraguan'), ('North Korean'), ('Norwegian'), 
('Panamanian'), ('Paraguayan'), ('Peruvian'), 
('Filipino'), 
('Polish'), ('Portuguese'), ('Puerto Rican'), 
('Romanian'), ('Russian'), 
('Saudi'), ('Scot / Scottish'), ('South African'), ('South Korean'), ('Spanish'), ('Swedish'), ('Swiss'), 
('Taiwanese'), ('Tajik'), ('Thai'),('Tunisian'), ('Turkish'), 
('Ukrainian'), ('Uruguayan'), 
('Venezuelan'), ('Vietnamese'), 
('Welsh');

DROP TABLE IF EXISTS users;
CREATE TABLE users (
   id int auto_increment primary key,
   title ENUM ('Mr','Ms','Mrs'),
   first_name varchar(100) NOT NULL,
   last_name varchar(100)  NOT NULL,
   display_name varchar(20) NOT NULL,
   email varchar(100) NOT NULL,
   phone varchar(100) NOT NULL,
   birthday date not NULL,
   nationality_id int NOT null,
   password_user varchar(100) NOT NULL,
   gender ENUM ('Male','Female'),
   address varchar(130) NOT NULL,
   created_at datetime DEFAULT current_timestamp(),
   updated_at datetime DEFAULT current_timestamp(),
   CONSTRAINT nationality_id_fk 
   foreign key (nationality_id) references nationalities(id)
   );

INSERT INTO `users` (`id`, `title`, `first_name`, `last_name`, `display_name`, `email`, `phone`, `birthday`, `nationality_id`, `password_user`, `gender`, `address`, `created_at`, `updated_at`) VALUES (1, 'Ms', 'Kelsi', 'Schmeler', 'beatae', 'kolby86@example.com', '(472)348-2537x173', '2005-01-07', 1, 'a3c5cbf2702a03a64ddeac7a4ca30cd4', 'Male', '29168 Bahringer Gateway Apt. 814\nRunolfsdottirmouth, NE 80586-2831', '1992-07-25 03:57:32', '1995-03-30 04:27:20');
INSERT INTO `users` (`id`, `title`, `first_name`, `last_name`, `display_name`, `email`, `phone`, `birthday`, `nationality_id`, `password_user`, `gender`, `address`, `created_at`, `updated_at`) VALUES (2, 'Mrs', 'Kaylee', 'Yundt', 'assumenda', 'marilou.marquardt@example.com', '228.696.2075x18456', '1970-08-12', 2, '9d16f1636777386754ab92523e963d29', 'Male', '386 Bradtke Springs Suite 628\nLake Estevanview, MD 09157', '2020-09-22 14:30:51', '1992-11-07 06:44:55');
INSERT INTO `users` (`id`, `title`, `first_name`, `last_name`, `display_name`, `email`, `phone`, `birthday`, `nationality_id`, `password_user`, `gender`, `address`, `created_at`, `updated_at`) VALUES (3, 'Mr', 'Ada', 'Trantow', 'autem', 'timmy.reilly@example.org', '(905)731-7915x54055', '1991-10-25', 3, '2803226be9d8f1e4683ef9f6e5bc0174', 'Male', '90180 Boris Circles\nNew Abagailport, SC 50462', '1983-06-13 07:07:40', '1983-08-09 19:58:12');
INSERT INTO `users` (`id`, `title`, `first_name`, `last_name`, `display_name`, `email`, `phone`, `birthday`, `nationality_id`, `password_user`, `gender`, `address`, `created_at`, `updated_at`) VALUES (4, 'Mrs', 'Anastasia', 'Gottlieb', 'voluptatem', 'dibbert.ernestina@example.net', '588.297.8599x5582', '2003-02-12', 4, '6121ae24593cf7c3af9bd6c043e6e7e5', 'Male', '18035 Faustino Drive Apt. 201\nPort Roslynton, RI 61709', '1976-02-06 21:12:31', '1976-06-15 12:23:46');
INSERT INTO `users` (`id`, `title`, `first_name`, `last_name`, `display_name`, `email`, `phone`, `birthday`, `nationality_id`, `password_user`, `gender`, `address`, `created_at`, `updated_at`) VALUES (5, 'Mr', 'Ally', 'Thiel', 'neque', 'myrtice.barrows@example.net', '(961)536-2303x4215', '1981-01-04', 5, '5152e00397b781e8e60ba677c3d9a447', 'Male', '24816 Riley Viaduct\nMarkusbury, WA 32799', '1985-09-17 02:43:53', '1981-11-27 14:14:12');
INSERT INTO `users` (`id`, `title`, `first_name`, `last_name`, `display_name`, `email`, `phone`, `birthday`, `nationality_id`, `password_user`, `gender`, `address`, `created_at`, `updated_at`) VALUES (6, 'Mr', 'Lizzie', 'Williamson', 'quasi', 'ekub@example.org', '+17(8)4104053386', '2003-10-28', 6, '5ccdde524690be70ec99fafcc1e036b7', 'Female', '36593 Osinski Inlet Apt. 086\nNorth Tylershire, NM 88207-4054', '1974-12-04 05:20:05', '2001-05-17 03:15:39');
INSERT INTO `users` (`id`, `title`, `first_name`, `last_name`, `display_name`, `email`, `phone`, `birthday`, `nationality_id`, `password_user`, `gender`, `address`, `created_at`, `updated_at`) VALUES (7, 'Mrs', 'Eliezer', 'Torp', 'aspernatur', 'lia71@example.com', '+35(5)6693603451', '1974-10-10', 7, 'efbb72d4110c7d6c641f567d99006475', 'Male', '44936 Curtis Isle\nEast Josianne, KS 45793-6937', '2013-06-25 08:21:13', '2010-10-11 09:53:35');
INSERT INTO `users` (`id`, `title`, `first_name`, `last_name`, `display_name`, `email`, `phone`, `birthday`, `nationality_id`, `password_user`, `gender`, `address`, `created_at`, `updated_at`) VALUES (8, 'Ms', 'Malinda', 'Kirlin', 'vero', 'acormier@example.org', '(490)996-4610', '1974-01-20', 8, '277c3a74211b59a3744c91488490df99', 'Female', '386 Laila Forge\nWest Gerryborough, NV 95197', '2008-12-19 11:21:53', '1986-11-26 18:45:22');
INSERT INTO `users` (`id`, `title`, `first_name`, `last_name`, `display_name`, `email`, `phone`, `birthday`, `nationality_id`, `password_user`, `gender`, `address`, `created_at`, `updated_at`) VALUES (9, 'Ms', 'Cristal', 'Fay', 'beatae', 'maverick.schoen@example.com', '979-861-6924', '1981-01-05', 9, '8b63969cf01bd6494b903d5ca6116a76', 'Female', '24442 Tianna Summit Apt. 403\nSouth Alanabury, WI 98866-8789', '2001-08-16 21:04:20', '1994-12-14 08:19:37');
INSERT INTO `users` (`id`, `title`, `first_name`, `last_name`, `display_name`, `email`, `phone`, `birthday`, `nationality_id`, `password_user`, `gender`, `address`, `created_at`, `updated_at`) VALUES (10, 'Ms', 'Lafayette', 'Bernier', 'est', 'alverta.johnson@example.com', '782.902.6510', '2002-08-29', 10, '0d97c77b389e28d0a83d8e04a116f649', 'Male', '5451 Roberts Court Suite 582\nPort Jeremieville, WV 15798-9034', '1994-10-19 02:56:26', '1976-09-30 02:14:42');
INSERT INTO `users` (`id`, `title`, `first_name`, `last_name`, `display_name`, `email`, `phone`, `birthday`, `nationality_id`, `password_user`, `gender`, `address`, `created_at`, `updated_at`) VALUES (11, 'Ms', 'Lucius', 'Keeling', 'accusantium', 'littel.leon@example.org', '1-958-114-4309', '2015-06-13', 11, '53bc8eed7e4c1898d68d2897a26c861f', 'Male', '803 Scarlett Lights Apt. 995\nSouth Axel, NE 81901-1146', '1970-12-17 01:37:44', '1980-10-29 13:26:04');
INSERT INTO `users` (`id`, `title`, `first_name`, `last_name`, `display_name`, `email`, `phone`, `birthday`, `nationality_id`, `password_user`, `gender`, `address`, `created_at`, `updated_at`) VALUES (12, 'Mr', 'Annie', 'Stamm', 'eveniet', 'sandy53@example.org', '022-709-0538x994', '1996-09-27', 12, '79da8ae138527cf75c38be06cd9a862c', 'Male', '796 Riley Points Suite 489\nGarrettberg, CO 77944', '2016-07-26 16:45:35', '2017-07-04 12:22:01');
INSERT INTO `users` (`id`, `title`, `first_name`, `last_name`, `display_name`, `email`, `phone`, `birthday`, `nationality_id`, `password_user`, `gender`, `address`, `created_at`, `updated_at`) VALUES (13, 'Mrs', 'Skyla', 'Borer', 'facere', 'billie76@example.com', '787.951.9469x039', '2019-03-01', 13, '4daa944b77e09af93402747ea9ddc266', 'Male', '2813 Howell Estate Apt. 031\nRowechester, OK 07106-9530', '1975-04-06 08:18:42', '2020-02-13 12:27:58');
INSERT INTO `users` (`id`, `title`, `first_name`, `last_name`, `display_name`, `email`, `phone`, `birthday`, `nationality_id`, `password_user`, `gender`, `address`, `created_at`, `updated_at`) VALUES (14, 'Mr', 'Magnolia', 'Schaefer', 'ad', 'nya.o\'hara@example.com', '+89(3)9604039822', '1997-09-01', 14, '34d5005b08337f0490ddf6f68ccb857d', 'Female', '41400 Halle Via Suite 304\nLake Revaburgh, MD 43850', '1976-11-27 16:00:06', '1991-11-05 00:25:16');
INSERT INTO `users` (`id`, `title`, `first_name`, `last_name`, `display_name`, `email`, `phone`, `birthday`, `nationality_id`, `password_user`, `gender`, `address`, `created_at`, `updated_at`) VALUES (15, 'Ms', 'Vivien', 'Conroy', 'optio', 'brad.spencer@example.org', '(115)158-9413x7104', '1975-03-08', 15, '412b562e00251342d885055d58e14ebe', 'Female', '5616 Lily Station\nColemanmouth, RI 03314-1623', '2013-12-24 22:46:49', '1991-11-16 05:48:27');
INSERT INTO `users` (`id`, `title`, `first_name`, `last_name`, `display_name`, `email`, `phone`, `birthday`, `nationality_id`, `password_user`, `gender`, `address`, `created_at`, `updated_at`) VALUES (16, 'Ms', 'Otto', 'Tremblay', 'est', 'kris.demario@example.net', '581.016.9738x291', '1996-03-09', 16, '81767fa2d77a2ffc039192f929bb3ba9', 'Female', '9556 Anastacio Brooks\nBatzberg, CO 31160', '2004-12-30 18:23:33', '1995-11-05 21:41:19');
INSERT INTO `users` (`id`, `title`, `first_name`, `last_name`, `display_name`, `email`, `phone`, `birthday`, `nationality_id`, `password_user`, `gender`, `address`, `created_at`, `updated_at`) VALUES (17, 'Ms', 'Jonatan', 'Raynor', 'non', 'cordie37@example.net', '937.021.2535x2349', '1970-03-20', 17, '7fabb6186ad6e5ac7a8b0ce2e4c791dc', 'Female', '7122 Sauer Alley\nPort Jazmyneside, WA 52492-8141', '1985-06-14 17:25:24', '2010-05-11 11:21:32');
INSERT INTO `users` (`id`, `title`, `first_name`, `last_name`, `display_name`, `email`, `phone`, `birthday`, `nationality_id`, `password_user`, `gender`, `address`, `created_at`, `updated_at`) VALUES (18, 'Mrs', 'Evalyn', 'Kirlin', 'distinctio', 'antonette.dach@example.org', '(737)692-7240x95392', '1972-05-19', 18, '4b80d5f34706b8ca30e0cb88c6926c8d', 'Female', '7061 Adrian Villages Apt. 676\nSincereport, IA 95554', '2003-02-02 14:32:29', '2016-11-20 15:57:44');
INSERT INTO `users` (`id`, `title`, `first_name`, `last_name`, `display_name`, `email`, `phone`, `birthday`, `nationality_id`, `password_user`, `gender`, `address`, `created_at`, `updated_at`) VALUES (19, 'Mr', 'Samantha', 'Koch', 'facere', 'marielle.kessler@example.com', '1-108-548-5135', '1989-02-11', 19, 'ba6df7f8f44dc22ba5047576981a54a0', 'Male', '25307 Corkery Light\nNicklausburgh, CA 78103', '2003-11-29 11:19:01', '1996-05-06 11:31:14');
INSERT INTO `users` (`id`, `title`, `first_name`, `last_name`, `display_name`, `email`, `phone`, `birthday`, `nationality_id`, `password_user`, `gender`, `address`, `created_at`, `updated_at`) VALUES (20, 'Mr', 'Madelynn', 'Grant', 'saepe', 'matilda78@example.com', '(226)831-7503x03150', '1982-02-22', 20, '7970f561707871eb85183778a02c8814', 'Female', '9821 Grant Square\nNorth Oscarberg, MA 63307', '2015-06-04 03:43:21', '1984-07-28 19:14:56');
INSERT INTO `users` (`id`, `title`, `first_name`, `last_name`, `display_name`, `email`, `phone`, `birthday`, `nationality_id`, `password_user`, `gender`, `address`, `created_at`, `updated_at`) VALUES (21, 'Mr', 'Hugh', 'Cummerata', 'exercitationem', 'matteo81@example.com', '(820)477-0970', '1980-07-04', 21, 'cc317e4bd578258e9aa861931975c8f7', 'Female', '25416 Wiza Port\nClaudieton, RI 20735', '2017-05-14 23:33:13', '1988-09-05 10:29:27');
INSERT INTO `users` (`id`, `title`, `first_name`, `last_name`, `display_name`, `email`, `phone`, `birthday`, `nationality_id`, `password_user`, `gender`, `address`, `created_at`, `updated_at`) VALUES (22, 'Mr', 'Genoveva', 'McLaughlin', 'ipsam', 'yasmeen.schmitt@example.net', '522-272-7840x9185', '1987-10-10', 22, 'ea969e0f4fedb45890a81cc5e20717cb', 'Male', '93275 Marina Cliff Apt. 686\nSouth Felton, IA 74646', '2000-03-22 00:15:26', '1979-02-25 02:42:24');
INSERT INTO `users` (`id`, `title`, `first_name`, `last_name`, `display_name`, `email`, `phone`, `birthday`, `nationality_id`, `password_user`, `gender`, `address`, `created_at`, `updated_at`) VALUES (23, 'Ms', 'Annamarie', 'Swift', 'placeat', 'dspinka@example.org', '(283)957-6378x258', '2001-03-10', 23, 'f0787f945384c05ec561b40b1c4bf333', 'Male', '91287 Kayli Course Suite 700\nDonnaside, WI 49155', '1989-05-24 06:12:30', '1982-06-01 09:06:54');
INSERT INTO `users` (`id`, `title`, `first_name`, `last_name`, `display_name`, `email`, `phone`, `birthday`, `nationality_id`, `password_user`, `gender`, `address`, `created_at`, `updated_at`) VALUES (24, 'Mrs', 'Boyd', 'Bernhard', 'nihil', 'johns.kennedy@example.net', '748-203-7294x36685', '1972-09-13', 24, '7f7f97ac967ad3be118e15ec4b556d7b', 'Female', '843 Purdy Extensions\nLake Freddy, MA 49933', '2009-04-05 02:59:35', '1997-04-10 06:36:16');
INSERT INTO `users` (`id`, `title`, `first_name`, `last_name`, `display_name`, `email`, `phone`, `birthday`, `nationality_id`, `password_user`, `gender`, `address`, `created_at`, `updated_at`) VALUES (25, 'Mr', 'Korbin', 'Jakubowski', 'qui', 'barrett63@example.org', '1-170-788-5830x57532', '2011-09-21', 25, '5b344281481e6d6483041592d9f23e67', 'Male', '340 Violet Wall\nNew Kameron, OR 96152-9801', '1996-04-28 16:03:59', '1993-04-03 08:40:36');
INSERT INTO `users` (`id`, `title`, `first_name`, `last_name`, `display_name`, `email`, `phone`, `birthday`, `nationality_id`, `password_user`, `gender`, `address`, `created_at`, `updated_at`) VALUES (26, 'Mrs', 'Marianne', 'Leffler', 'eaque', 'vernie40@example.org', '07203670307', '2012-12-12', 26, 'eb2706982d7b746af86fe4b7e925bb52', 'Female', '998 Lloyd Mill Suite 093\nLake Garryland, AK 40652-4160', '2008-02-17 08:38:40', '1987-01-23 09:06:48');
INSERT INTO `users` (`id`, `title`, `first_name`, `last_name`, `display_name`, `email`, `phone`, `birthday`, `nationality_id`, `password_user`, `gender`, `address`, `created_at`, `updated_at`) VALUES (27, 'Mr', 'Felipe', 'Jast', 'autem', 'bogan.vivian@example.org', '(992)389-7828', '2014-04-03', 27, 'd782eecddf145ff6bae17d9555d52005', 'Female', '249 Davis Falls Apt. 255\nEast Akeem, ND 56236-1921', '1975-02-04 11:39:18', '1972-09-22 19:13:11');
INSERT INTO `users` (`id`, `title`, `first_name`, `last_name`, `display_name`, `email`, `phone`, `birthday`, `nationality_id`, `password_user`, `gender`, `address`, `created_at`, `updated_at`) VALUES (28, 'Ms', 'Susana', 'Zboncak', 'ex', 'raheem.green@example.com', '(613)158-1851', '2003-12-12', 28, 'bfa2bceb89f89c97381389d4a252f889', 'Female', '7219 Jettie Expressway\nSouth Claire, AZ 20887', '1998-02-20 05:42:43', '1996-06-20 19:57:26');
INSERT INTO `users` (`id`, `title`, `first_name`, `last_name`, `display_name`, `email`, `phone`, `birthday`, `nationality_id`, `password_user`, `gender`, `address`, `created_at`, `updated_at`) VALUES (29, 'Ms', 'Alessandra', 'Olson', 'et', 'flatley.eve@example.com', '(332)874-2279x5657', '1991-03-24', 29, '82b03764422ec4eb7c027e9b1daa3128', 'Male', '00758 Fisher Pass\nHellerburgh, NC 91445', '2001-11-21 16:40:02', '1971-03-18 03:38:21');
INSERT INTO `users` (`id`, `title`, `first_name`, `last_name`, `display_name`, `email`, `phone`, `birthday`, `nationality_id`, `password_user`, `gender`, `address`, `created_at`, `updated_at`) VALUES (30, 'Ms', 'Terrence', 'Yost', 'ut', 'baumbach.vincenzo@example.org', '968-217-4260', '2001-11-30', 30, 'cf1fa47b467a7ba2ec6adb42068d029e', 'Male', '4792 Darrin Gardens\nEast Darien, AR 26429-6386', '1981-08-14 23:38:06', '1992-08-31 06:06:14');

update users set birthday = birthday - interval 20 year where date(birthday) >'2005-01-01';
UPDATE users SET updated_at = NOW() WHERE updated_at < created_at;
UPDATE users SET nationality_id = FLOOR(1 + RAND() * (select count(*) from nationalities)); 

DROP TABLE IF EXISTS payment_details;

CREATE TABLE payment_details (
  user_id int  NOT null primary key,
  cardholders_name varchar(30) NOT NULL,
  card_number BIGINT unsigned NOT NULL,
  expiration_date datetime DEFAULT NULL,
  CONSTRAINT user_id_payment_fk 
  foreign key (user_id) references users(id)
);

INSERT INTO `payment_details` (`user_id`, `cardholders_name`, `card_number`, `expiration_date`) VALUES (1, 'vitae', '4024007187397928', '0000-00-00 00:00:00');
INSERT INTO `payment_details` (`user_id`, `cardholders_name`, `card_number`, `expiration_date`) VALUES (2, 'placeat', '375421208900254', '0000-00-00 00:00:00');
INSERT INTO `payment_details` (`user_id`, `cardholders_name`, `card_number`, `expiration_date`) VALUES (3, 'quia', '4539475998420', '0000-00-00 00:00:00');
INSERT INTO `payment_details` (`user_id`, `cardholders_name`, `card_number`, `expiration_date`) VALUES (4, 'eos', '4024007112321', '0000-00-00 00:00:00');
INSERT INTO `payment_details` (`user_id`, `cardholders_name`, `card_number`, `expiration_date`) VALUES (5, 'voluptatibus', '4061666146136', '0000-00-00 00:00:00');
INSERT INTO `payment_details` (`user_id`, `cardholders_name`, `card_number`, `expiration_date`) VALUES (6, 'sunt', '6011015817266880', '0000-00-00 00:00:00');
INSERT INTO `payment_details` (`user_id`, `cardholders_name`, `card_number`, `expiration_date`) VALUES (7, 'quod', '5565446244757730', '0000-00-00 00:00:00');
INSERT INTO `payment_details` (`user_id`, `cardholders_name`, `card_number`, `expiration_date`) VALUES (8, 'doloribus', '4539177365653', '0000-00-00 00:00:00');
INSERT INTO `payment_details` (`user_id`, `cardholders_name`, `card_number`, `expiration_date`) VALUES (9, 'ipsam', '4716764488645', '0000-00-00 00:00:00');
INSERT INTO `payment_details` (`user_id`, `cardholders_name`, `card_number`, `expiration_date`) VALUES (10, 'repellendus', '373192537254272', '0000-00-00 00:00:00');
INSERT INTO `payment_details` (`user_id`, `cardholders_name`, `card_number`, `expiration_date`) VALUES (11, 'omnis', '4532607939433', '0000-00-00 00:00:00');
INSERT INTO `payment_details` (`user_id`, `cardholders_name`, `card_number`, `expiration_date`) VALUES (12, 'distinctio', '5318242616269732', '0000-00-00 00:00:00');
INSERT INTO `payment_details` (`user_id`, `cardholders_name`, `card_number`, `expiration_date`) VALUES (13, 'repudiandae', '4156798304073', '0000-00-00 00:00:00');
INSERT INTO `payment_details` (`user_id`, `cardholders_name`, `card_number`, `expiration_date`) VALUES (14, 'recusandae', '5366715942560089', '0000-00-00 00:00:00');
INSERT INTO `payment_details` (`user_id`, `cardholders_name`, `card_number`, `expiration_date`) VALUES (15, 'dolorem', '5463536889448398', '0000-00-00 00:00:00');
INSERT INTO `payment_details` (`user_id`, `cardholders_name`, `card_number`, `expiration_date`) VALUES (16, 'occaecati', '4556947852852', '0000-00-00 00:00:00');
INSERT INTO `payment_details` (`user_id`, `cardholders_name`, `card_number`, `expiration_date`) VALUES (17, 'quia', '4716113853240671', '0000-00-00 00:00:00');
INSERT INTO `payment_details` (`user_id`, `cardholders_name`, `card_number`, `expiration_date`) VALUES (18, 'assumenda', '346702135730543', '0000-00-00 00:00:00');
INSERT INTO `payment_details` (`user_id`, `cardholders_name`, `card_number`, `expiration_date`) VALUES (19, 'recusandae', '4485973858974300', '0000-00-00 00:00:00');
INSERT INTO `payment_details` (`user_id`, `cardholders_name`, `card_number`, `expiration_date`) VALUES (20, 'nisi', '5208489570042222', '0000-00-00 00:00:00');
INSERT INTO `payment_details` (`user_id`, `cardholders_name`, `card_number`, `expiration_date`) VALUES (21, 'deserunt', '4716548632709021', '0000-00-00 00:00:00');
INSERT INTO `payment_details` (`user_id`, `cardholders_name`, `card_number`, `expiration_date`) VALUES (22, 'ipsa', '5570660922492750', '0000-00-00 00:00:00');
INSERT INTO `payment_details` (`user_id`, `cardholders_name`, `card_number`, `expiration_date`) VALUES (23, 'eum', '4929268475946', '0000-00-00 00:00:00');
INSERT INTO `payment_details` (`user_id`, `cardholders_name`, `card_number`, `expiration_date`) VALUES (24, 'eaque', '4539298760553695', '0000-00-00 00:00:00');
INSERT INTO `payment_details` (`user_id`, `cardholders_name`, `card_number`, `expiration_date`) VALUES (25, 'commodi', '6011035249965707', '0000-00-00 00:00:00');
INSERT INTO `payment_details` (`user_id`, `cardholders_name`, `card_number`, `expiration_date`) VALUES (26, 'accusamus', '5266990325217261', '0000-00-00 00:00:00');
INSERT INTO `payment_details` (`user_id`, `cardholders_name`, `card_number`, `expiration_date`) VALUES (27, 'ea', '341052070087144', '0000-00-00 00:00:00');
INSERT INTO `payment_details` (`user_id`, `cardholders_name`, `card_number`, `expiration_date`) VALUES (28, 'sit', '5595932083485514', '0000-00-00 00:00:00');
INSERT INTO `payment_details` (`user_id`, `cardholders_name`, `card_number`, `expiration_date`) VALUES (29, 'distinctio', '5128828658902608', '0000-00-00 00:00:00');
INSERT INTO `payment_details` (`user_id`, `cardholders_name`, `card_number`, `expiration_date`) VALUES (30, 'neque', '4532139683398742', '0000-00-00 00:00:00');

-- Update cardholders_name 
update payment_details set cardholders_name = (select CONCAT(first_name, ' ', last_name) from users where payment_details.user_id = id);
-- Update card_number
update payment_details set card_number =floor( rand()*(9999999999999999-1000000000000000));

DROP TABLE IF EXISTS media_types;

CREATE TABLE media_types (
  id int NOT NULL auto_increment primary key,
  type_media varchar(100) NOT NULL,
  created_at datetime DEFAULT current_timestamp(),
  updated_at datetime DEFAULT current_timestamp()
);

INSERT INTO media_types (type_media) VALUES ('video');
INSERT INTO media_types (type_media) VALUES ('audio');
INSERT INTO media_types (type_media) VALUES ('picture');  
  
CREATE TABLE media (
   id int(10) NOT NULL auto_increment primary key,
   filename varchar(100) NOT NULL,
   size int(10) NOT NULL,
   metadata longtext not NULL,
   media_type_id int NOT NULL,
   created_at datetime DEFAULT current_timestamp(),
   updated_at datetime DEFAULT current_timestamp(),
   CONSTRAINT media_type_id_fk 
   foreign key (media_type_id) references media_types(id)
);

INSERT INTO `media` (`id`, `filename`, `size`, `metadata`, `media_type_id`, `created_at`, `updated_at`) VALUES (1, 'ut', 8717, '5', 1, '1989-08-28 17:53:51', '1981-10-12 18:21:46');
INSERT INTO `media` (`id`, `filename`, `size`, `metadata`, `media_type_id`, `created_at`, `updated_at`) VALUES (2, 'eveniet', 7423, '7', 2, '1998-05-20 18:36:49', '2020-08-31 19:05:25');
INSERT INTO `media` (`id`, `filename`, `size`, `metadata`, `media_type_id`, `created_at`, `updated_at`) VALUES (3, 'sed', 9250, '4', 3, '2011-06-24 23:06:04', '2000-08-14 11:15:41');
INSERT INTO `media` (`id`, `filename`, `size`, `metadata`, `media_type_id`, `created_at`, `updated_at`) VALUES (4, 'eaque', 2625, '4', 1, '2018-02-11 23:48:20', '2004-01-10 15:15:38');
INSERT INTO `media` (`id`, `filename`, `size`, `metadata`, `media_type_id`, `created_at`, `updated_at`) VALUES (5, 'quibusdam', 3348, '2', 2, '1995-01-30 22:28:14', '2002-04-28 06:44:26');
INSERT INTO `media` (`id`, `filename`, `size`, `metadata`, `media_type_id`, `created_at`, `updated_at`) VALUES (6, 'iusto', 6735, '7', 3, '1972-05-18 03:32:09', '2002-05-08 23:16:25');
INSERT INTO `media` (`id`, `filename`, `size`, `metadata`, `media_type_id`, `created_at`, `updated_at`) VALUES (7, 'qui', 1495, '9', 1, '1982-10-11 02:18:06', '1992-08-01 07:13:52');
INSERT INTO `media` (`id`, `filename`, `size`, `metadata`, `media_type_id`, `created_at`, `updated_at`) VALUES (8, 'est', 2265, '5', 2, '2015-05-02 19:41:20', '1974-04-09 16:40:12');
INSERT INTO `media` (`id`, `filename`, `size`, `metadata`, `media_type_id`, `created_at`, `updated_at`) VALUES (9, 'officia', 2298, '', 3, '1986-04-01 05:30:52', '1970-08-12 19:36:28');
INSERT INTO `media` (`id`, `filename`, `size`, `metadata`, `media_type_id`, `created_at`, `updated_at`) VALUES (10, 'nihil', 1703, '7', 1, '2017-09-13 16:46:41', '1990-01-02 21:14:16');
INSERT INTO `media` (`id`, `filename`, `size`, `metadata`, `media_type_id`, `created_at`, `updated_at`) VALUES (11, 'eveniet', 1895, '', 2, '2015-11-18 15:58:50', '1987-05-25 21:50:38');
INSERT INTO `media` (`id`, `filename`, `size`, `metadata`, `media_type_id`, `created_at`, `updated_at`) VALUES (12, 'quo', 6990, '7', 3, '2017-03-17 19:22:45', '1993-08-09 22:55:38');
INSERT INTO `media` (`id`, `filename`, `size`, `metadata`, `media_type_id`, `created_at`, `updated_at`) VALUES (13, 'nesciunt', 1112, '8', 1, '1990-07-10 18:10:37', '1983-05-11 22:11:51');
INSERT INTO `media` (`id`, `filename`, `size`, `metadata`, `media_type_id`, `created_at`, `updated_at`) VALUES (14, 'sit', 1874, '2', 2, '1984-08-20 21:59:16', '1996-08-27 13:15:45');
INSERT INTO `media` (`id`, `filename`, `size`, `metadata`, `media_type_id`, `created_at`, `updated_at`) VALUES (15, 'commodi', 1440, '4', 3, '1982-07-18 21:18:51', '1980-01-10 22:06:24');
INSERT INTO `media` (`id`, `filename`, `size`, `metadata`, `media_type_id`, `created_at`, `updated_at`) VALUES (16, 'numquam', 1400, '8', 1, '2019-11-24 20:55:23', '2003-08-21 03:34:46');
INSERT INTO `media` (`id`, `filename`, `size`, `metadata`, `media_type_id`, `created_at`, `updated_at`) VALUES (17, 'nostrum', 7922, '9', 2, '1996-02-07 03:02:03', '1977-03-03 06:24:55');
INSERT INTO `media` (`id`, `filename`, `size`, `metadata`, `media_type_id`, `created_at`, `updated_at`) VALUES (18, 'ipsum', 9677, '8', 3, '1980-04-21 14:47:08', '1981-04-16 22:04:26');
INSERT INTO `media` (`id`, `filename`, `size`, `metadata`, `media_type_id`, `created_at`, `updated_at`) VALUES (19, 'inventore', 7725, '6', 1, '2020-02-13 04:15:58', '1984-07-25 22:38:16');
INSERT INTO `media` (`id`, `filename`, `size`, `metadata`, `media_type_id`, `created_at`, `updated_at`) VALUES (20, 'voluptatem', 8591, '4', 2, '2011-07-14 00:22:34', '2011-02-02 01:49:16');
INSERT INTO `media` (`id`, `filename`, `size`, `metadata`, `media_type_id`, `created_at`, `updated_at`) VALUES (21, 'dicta', 7275, '9', 3, '2009-12-11 21:37:19', '2019-10-23 18:35:14');
INSERT INTO `media` (`id`, `filename`, `size`, `metadata`, `media_type_id`, `created_at`, `updated_at`) VALUES (22, 'quis', 8875, '', 1, '1999-09-17 01:06:54', '1980-11-10 18:54:21');
INSERT INTO `media` (`id`, `filename`, `size`, `metadata`, `media_type_id`, `created_at`, `updated_at`) VALUES (23, 'autem', 3875, '9', 2, '1970-10-12 04:32:24', '1998-10-28 09:19:00');
INSERT INTO `media` (`id`, `filename`, `size`, `metadata`, `media_type_id`, `created_at`, `updated_at`) VALUES (24, 'vel', 4034, '3', 3, '1980-07-03 22:16:14', '1986-11-12 07:49:55');
INSERT INTO `media` (`id`, `filename`, `size`, `metadata`, `media_type_id`, `created_at`, `updated_at`) VALUES (25, 'occaecati', 9370, '3', 1, '1999-06-20 10:55:10', '1999-12-23 07:13:33');
INSERT INTO `media` (`id`, `filename`, `size`, `metadata`, `media_type_id`, `created_at`, `updated_at`) VALUES (26, 'dolorem', 7955, '1', 2, '1991-10-04 00:31:02', '2005-11-14 04:36:32');
INSERT INTO `media` (`id`, `filename`, `size`, `metadata`, `media_type_id`, `created_at`, `updated_at`) VALUES (27, 'cum', 8684, '2', 3, '1971-06-22 09:02:51', '1986-01-25 16:47:57');
INSERT INTO `media` (`id`, `filename`, `size`, `metadata`, `media_type_id`, `created_at`, `updated_at`) VALUES (28, 'ut', 4631, '4', 1, '1978-02-27 07:21:23', '1979-12-07 06:15:24');
INSERT INTO `media` (`id`, `filename`, `size`, `metadata`, `media_type_id`, `created_at`, `updated_at`) VALUES (29, 'et', 906, '7', 2, '1977-06-28 12:48:35', '2019-03-15 16:53:11');
INSERT INTO `media` (`id`, `filename`, `size`, `metadata`, `media_type_id`, `created_at`, `updated_at`) VALUES (30, 'rerum', 2436, '1', 3, '1992-12-11 02:33:51', '2010-03-26 14:18:52');
INSERT INTO `media` (`id`, `filename`, `size`, `metadata`, `media_type_id`, `created_at`, `updated_at`) VALUES (31, 'et', 9073, '2', 1, '2015-04-01 16:10:17', '2018-03-25 02:35:01');
INSERT INTO `media` (`id`, `filename`, `size`, `metadata`, `media_type_id`, `created_at`, `updated_at`) VALUES (32, 'officia', 8132, '6', 2, '2005-03-08 22:19:55', '1996-09-29 13:40:20');
INSERT INTO `media` (`id`, `filename`, `size`, `metadata`, `media_type_id`, `created_at`, `updated_at`) VALUES (33, 'ut', 8072, '', 3, '1998-12-03 21:42:31', '1971-03-01 11:20:40');
INSERT INTO `media` (`id`, `filename`, `size`, `metadata`, `media_type_id`, `created_at`, `updated_at`) VALUES (34, 'soluta', 2760, '5', 1, '1987-08-18 14:09:24', '2017-05-07 02:49:21');
INSERT INTO `media` (`id`, `filename`, `size`, `metadata`, `media_type_id`, `created_at`, `updated_at`) VALUES (35, 'quaerat', 6832, '', 2, '1982-03-19 00:49:22', '2015-11-19 09:42:11');
INSERT INTO `media` (`id`, `filename`, `size`, `metadata`, `media_type_id`, `created_at`, `updated_at`) VALUES (36, 'natus', 7157, '9', 3, '1996-07-16 07:48:01', '1987-09-04 13:17:50');
INSERT INTO `media` (`id`, `filename`, `size`, `metadata`, `media_type_id`, `created_at`, `updated_at`) VALUES (37, 'deleniti', 2890, '3', 1, '2001-01-16 07:57:37', '2014-06-19 08:20:14');
INSERT INTO `media` (`id`, `filename`, `size`, `metadata`, `media_type_id`, `created_at`, `updated_at`) VALUES (38, 'id', 6403, '2', 2, '1999-07-10 05:32:50', '2006-07-21 17:49:23');
INSERT INTO `media` (`id`, `filename`, `size`, `metadata`, `media_type_id`, `created_at`, `updated_at`) VALUES (39, 'ipsam', 7542, '4', 3, '1987-09-21 17:45:55', '2015-03-02 01:27:22');
INSERT INTO `media` (`id`, `filename`, `size`, `metadata`, `media_type_id`, `created_at`, `updated_at`) VALUES (40, 'perferendis', 7982, '9', 1, '1998-02-23 04:02:09', '1988-10-09 18:36:30');
INSERT INTO `media` (`id`, `filename`, `size`, `metadata`, `media_type_id`, `created_at`, `updated_at`) VALUES (41, 'est', 9765, '9', 2, '2005-08-07 21:31:58', '1973-11-21 15:20:31');
INSERT INTO `media` (`id`, `filename`, `size`, `metadata`, `media_type_id`, `created_at`, `updated_at`) VALUES (42, 'eligendi', 6185, '3', 3, '1973-08-31 02:57:43', '2019-12-11 10:00:52');
INSERT INTO `media` (`id`, `filename`, `size`, `metadata`, `media_type_id`, `created_at`, `updated_at`) VALUES (43, 'eveniet', 3123, '4', 1, '2017-04-25 16:46:24', '1985-09-11 13:20:10');
INSERT INTO `media` (`id`, `filename`, `size`, `metadata`, `media_type_id`, `created_at`, `updated_at`) VALUES (44, 'dignissimos', 4082, '9', 2, '1977-08-20 06:06:55', '2004-07-02 04:41:20');
INSERT INTO `media` (`id`, `filename`, `size`, `metadata`, `media_type_id`, `created_at`, `updated_at`) VALUES (45, 'aut', 9379, '9', 3, '1979-07-07 23:53:54', '1993-05-26 15:49:44');
INSERT INTO `media` (`id`, `filename`, `size`, `metadata`, `media_type_id`, `created_at`, `updated_at`) VALUES (46, 'totam', 1581, '3', 1, '1994-06-02 21:42:41', '2018-02-25 16:01:52');
INSERT INTO `media` (`id`, `filename`, `size`, `metadata`, `media_type_id`, `created_at`, `updated_at`) VALUES (47, 'et', 6091, '7', 2, '1970-09-03 11:22:54', '2001-05-21 15:01:46');
INSERT INTO `media` (`id`, `filename`, `size`, `metadata`, `media_type_id`, `created_at`, `updated_at`) VALUES (48, 'accusamus', 6032, '6', 3, '1992-06-10 20:01:43', '1985-08-15 01:52:20');
INSERT INTO `media` (`id`, `filename`, `size`, `metadata`, `media_type_id`, `created_at`, `updated_at`) VALUES (49, 'in', 3041, '7', 1, '2018-06-17 05:21:02', '1986-01-29 13:46:50');
INSERT INTO `media` (`id`, `filename`, `size`, `metadata`, `media_type_id`, `created_at`, `updated_at`) VALUES (50, 'nihil', 2077, '7', 2, '2012-11-01 09:16:52', '1972-07-31 17:30:38');
INSERT INTO `media` (`id`, `filename`, `size`, `metadata`, `media_type_id`, `created_at`, `updated_at`) VALUES (51, 'explicabo', 6444, '9', 3, '2006-08-29 22:44:53', '1991-02-14 19:34:32');
INSERT INTO `media` (`id`, `filename`, `size`, `metadata`, `media_type_id`, `created_at`, `updated_at`) VALUES (52, 'voluptatem', 6038, '9', 1, '1973-09-02 08:32:39', '2018-11-08 17:43:57');
INSERT INTO `media` (`id`, `filename`, `size`, `metadata`, `media_type_id`, `created_at`, `updated_at`) VALUES (53, 'qui', 3694, '3', 2, '1980-05-25 14:42:36', '1985-03-19 17:40:27');
INSERT INTO `media` (`id`, `filename`, `size`, `metadata`, `media_type_id`, `created_at`, `updated_at`) VALUES (54, 'eveniet', 4039, '2', 3, '1991-03-04 23:19:09', '1992-01-19 08:39:35');
INSERT INTO `media` (`id`, `filename`, `size`, `metadata`, `media_type_id`, `created_at`, `updated_at`) VALUES (55, 'et', 7307, '3', 1, '1979-06-26 00:46:04', '1996-06-08 09:40:59');
INSERT INTO `media` (`id`, `filename`, `size`, `metadata`, `media_type_id`, `created_at`, `updated_at`) VALUES (56, 'quia', 4353, '', 2, '2012-05-09 03:45:31', '1972-11-08 01:36:10');
INSERT INTO `media` (`id`, `filename`, `size`, `metadata`, `media_type_id`, `created_at`, `updated_at`) VALUES (57, 'repellendus', 9703, '3', 3, '2006-06-17 00:07:10', '2004-09-05 19:53:38');
INSERT INTO `media` (`id`, `filename`, `size`, `metadata`, `media_type_id`, `created_at`, `updated_at`) VALUES (58, 'modi', 5488, '4', 1, '1989-04-04 19:17:46', '2020-03-09 10:03:03');
INSERT INTO `media` (`id`, `filename`, `size`, `metadata`, `media_type_id`, `created_at`, `updated_at`) VALUES (59, 'consequatur', 9607, '5', 2, '1998-03-03 14:38:50', '1984-01-21 22:00:53');
INSERT INTO `media` (`id`, `filename`, `size`, `metadata`, `media_type_id`, `created_at`, `updated_at`) VALUES (60, 'dolorem', 4779, '2', 3, '1977-03-06 06:24:18', '2011-07-26 04:58:02');
INSERT INTO `media` (`id`, `filename`, `size`, `metadata`, `media_type_id`, `created_at`, `updated_at`) VALUES (61, 'voluptatem', 8197, '1', 1, '1983-03-13 11:53:01', '1986-07-13 03:39:29');
INSERT INTO `media` (`id`, `filename`, `size`, `metadata`, `media_type_id`, `created_at`, `updated_at`) VALUES (62, 'maiores', 7497, '2', 2, '2019-03-26 08:05:50', '2015-03-31 02:37:38');
INSERT INTO `media` (`id`, `filename`, `size`, `metadata`, `media_type_id`, `created_at`, `updated_at`) VALUES (63, 'commodi', 3918, '7', 3, '1979-07-06 02:53:54', '1974-04-18 22:29:22');
INSERT INTO `media` (`id`, `filename`, `size`, `metadata`, `media_type_id`, `created_at`, `updated_at`) VALUES (64, 'dolore', 4158, '9', 1, '1995-01-23 15:15:48', '2005-10-15 04:18:34');
INSERT INTO `media` (`id`, `filename`, `size`, `metadata`, `media_type_id`, `created_at`, `updated_at`) VALUES (65, 'ullam', 2066, '7', 2, '1974-08-13 13:14:17', '1989-05-29 05:06:30');
INSERT INTO `media` (`id`, `filename`, `size`, `metadata`, `media_type_id`, `created_at`, `updated_at`) VALUES (66, 'qui', 4516, '2', 3, '1979-09-13 12:59:55', '2010-10-24 15:32:46');
INSERT INTO `media` (`id`, `filename`, `size`, `metadata`, `media_type_id`, `created_at`, `updated_at`) VALUES (67, 'mollitia', 8846, '7', 1, '2016-06-11 13:02:39', '2015-11-25 22:19:51');
INSERT INTO `media` (`id`, `filename`, `size`, `metadata`, `media_type_id`, `created_at`, `updated_at`) VALUES (68, 'autem', 9107, '', 2, '2012-06-18 17:40:05', '1999-04-23 19:12:28');
INSERT INTO `media` (`id`, `filename`, `size`, `metadata`, `media_type_id`, `created_at`, `updated_at`) VALUES (69, 'voluptas', 5900, '6', 3, '1985-03-17 15:23:34', '1985-05-11 10:20:16');
INSERT INTO `media` (`id`, `filename`, `size`, `metadata`, `media_type_id`, `created_at`, `updated_at`) VALUES (70, 'non', 7323, '', 1, '2013-04-18 23:45:53', '1990-03-31 14:21:05');
INSERT INTO `media` (`id`, `filename`, `size`, `metadata`, `media_type_id`, `created_at`, `updated_at`) VALUES (71, 'rerum', 3093, '4', 2, '1971-12-28 00:43:20', '2014-07-05 16:35:44');
INSERT INTO `media` (`id`, `filename`, `size`, `metadata`, `media_type_id`, `created_at`, `updated_at`) VALUES (72, 'eius', 7359, '4', 3, '2012-06-26 02:57:30', '1985-08-30 04:21:15');
INSERT INTO `media` (`id`, `filename`, `size`, `metadata`, `media_type_id`, `created_at`, `updated_at`) VALUES (73, 'nam', 8082, '', 1, '2015-09-10 10:56:27', '1982-05-22 11:39:58');
INSERT INTO `media` (`id`, `filename`, `size`, `metadata`, `media_type_id`, `created_at`, `updated_at`) VALUES (74, 'voluptatem', 125, '7', 2, '1972-05-06 22:16:25', '1984-07-11 00:51:31');
INSERT INTO `media` (`id`, `filename`, `size`, `metadata`, `media_type_id`, `created_at`, `updated_at`) VALUES (75, 'animi', 5003, '5', 3, '1970-07-16 14:53:13', '1991-05-01 13:37:22');
INSERT INTO `media` (`id`, `filename`, `size`, `metadata`, `media_type_id`, `created_at`, `updated_at`) VALUES (76, 'ex', 5009, '1', 1, '1984-03-31 09:39:16', '1971-06-05 05:25:50');
INSERT INTO `media` (`id`, `filename`, `size`, `metadata`, `media_type_id`, `created_at`, `updated_at`) VALUES (77, 'facilis', 9945, '', 2, '1975-07-15 06:22:57', '2020-04-21 18:32:01');
INSERT INTO `media` (`id`, `filename`, `size`, `metadata`, `media_type_id`, `created_at`, `updated_at`) VALUES (78, 'harum', 8989, '8', 3, '1998-11-01 03:54:55', '1993-11-04 16:03:22');
INSERT INTO `media` (`id`, `filename`, `size`, `metadata`, `media_type_id`, `created_at`, `updated_at`) VALUES (79, 'doloribus', 8389, '1', 1, '2017-02-05 18:55:42', '1995-01-23 07:19:29');
INSERT INTO `media` (`id`, `filename`, `size`, `metadata`, `media_type_id`, `created_at`, `updated_at`) VALUES (80, 'sit', 1966, '3', 2, '2009-05-09 10:21:53', '1998-01-03 17:09:47');
INSERT INTO `media` (`id`, `filename`, `size`, `metadata`, `media_type_id`, `created_at`, `updated_at`) VALUES (81, 'voluptas', 9106, '2', 3, '2019-08-21 11:50:13', '1973-09-27 20:42:43');
INSERT INTO `media` (`id`, `filename`, `size`, `metadata`, `media_type_id`, `created_at`, `updated_at`) VALUES (82, 'culpa', 1379, '2', 1, '1982-02-04 13:13:05', '1987-01-12 21:02:39');
INSERT INTO `media` (`id`, `filename`, `size`, `metadata`, `media_type_id`, `created_at`, `updated_at`) VALUES (83, 'accusantium', 8713, '2', 2, '1986-07-01 02:15:15', '1982-03-13 11:51:50');
INSERT INTO `media` (`id`, `filename`, `size`, `metadata`, `media_type_id`, `created_at`, `updated_at`) VALUES (84, 'rerum', 8223, '3', 3, '2016-05-15 14:38:36', '1994-11-03 08:43:39');
INSERT INTO `media` (`id`, `filename`, `size`, `metadata`, `media_type_id`, `created_at`, `updated_at`) VALUES (85, 'eum', 2337, '', 1, '1972-04-29 02:34:09', '1980-11-26 06:56:38');
INSERT INTO `media` (`id`, `filename`, `size`, `metadata`, `media_type_id`, `created_at`, `updated_at`) VALUES (86, 'eum', 1881, '1', 2, '1996-04-09 15:33:29', '1993-05-12 13:02:17');
INSERT INTO `media` (`id`, `filename`, `size`, `metadata`, `media_type_id`, `created_at`, `updated_at`) VALUES (87, 'velit', 5158, '5', 3, '1990-05-07 20:15:48', '1996-03-12 21:27:26');
INSERT INTO `media` (`id`, `filename`, `size`, `metadata`, `media_type_id`, `created_at`, `updated_at`) VALUES (88, 'ducimus', 9300, '6', 1, '1972-02-02 22:06:13', '2020-05-31 19:54:41');
INSERT INTO `media` (`id`, `filename`, `size`, `metadata`, `media_type_id`, `created_at`, `updated_at`) VALUES (89, 'minima', 4284, '8', 2, '2011-09-23 07:00:02', '2011-12-31 18:52:11');
INSERT INTO `media` (`id`, `filename`, `size`, `metadata`, `media_type_id`, `created_at`, `updated_at`) VALUES (90, 'tenetur', 7235, '6', 3, '1975-05-24 02:08:20', '2008-02-24 17:40:35');
INSERT INTO `media` (`id`, `filename`, `size`, `metadata`, `media_type_id`, `created_at`, `updated_at`) VALUES (91, 'quia', 1146, '', 1, '2005-01-03 08:56:12', '1988-05-14 17:06:24');
INSERT INTO `media` (`id`, `filename`, `size`, `metadata`, `media_type_id`, `created_at`, `updated_at`) VALUES (92, 'maxime', 1609, '', 2, '1990-02-07 14:51:39', '2020-09-30 04:31:36');
INSERT INTO `media` (`id`, `filename`, `size`, `metadata`, `media_type_id`, `created_at`, `updated_at`) VALUES (93, 'ut', 3288, '5', 3, '1992-09-15 15:55:20', '2006-02-24 16:19:29');
INSERT INTO `media` (`id`, `filename`, `size`, `metadata`, `media_type_id`, `created_at`, `updated_at`) VALUES (94, 'voluptas', 5472, '7', 1, '1973-03-30 15:06:05', '1970-02-13 23:43:03');
INSERT INTO `media` (`id`, `filename`, `size`, `metadata`, `media_type_id`, `created_at`, `updated_at`) VALUES (95, 'consequatur', 8615, '5', 2, '1987-07-09 01:31:25', '2000-10-02 15:52:23');
INSERT INTO `media` (`id`, `filename`, `size`, `metadata`, `media_type_id`, `created_at`, `updated_at`) VALUES (96, 'quisquam', 2577, '4', 3, '2018-10-11 06:00:03', '1982-01-20 19:14:45');
INSERT INTO `media` (`id`, `filename`, `size`, `metadata`, `media_type_id`, `created_at`, `updated_at`) VALUES (97, 'fugit', 900, '8', 1, '1976-09-25 10:24:22', '2019-07-31 18:21:19');
INSERT INTO `media` (`id`, `filename`, `size`, `metadata`, `media_type_id`, `created_at`, `updated_at`) VALUES (98, 'beatae', 7152, '1', 2, '1983-06-09 02:07:30', '1978-08-28 11:22:02');
INSERT INTO `media` (`id`, `filename`, `size`, `metadata`, `media_type_id`, `created_at`, `updated_at`) VALUES (99, 'qui', 3257, '1', 3, '1985-02-19 14:02:21', '1986-04-12 20:20:58');
INSERT INTO `media` (`id`, `filename`, `size`, `metadata`, `media_type_id`, `created_at`, `updated_at`) VALUES (100, 'quam', 7326, '5', 1, '1979-01-25 04:24:27', '1971-09-17 03:35:37');

DROP TABLE IF EXISTS `extensions`;
CREATE TEMPORARY TABLE extensions (name VARCHAR(10));
INSERT INTO extensions VALUES ('jpeg'), ('avi'), ('mpeg'), ('png');
UPDATE media SET filename = CONCAT(
  'http://dropbox.net/booking/',
  filename,
  '.',
  (SELECT name FROM extensions ORDER BY RAND() LIMIT 1)
);
UPDATE media SET updated_at = NOW() WHERE updated_at < created_at;

DROP TABLE IF EXISTS hotels;

CREATE TABLE hotels (
  id int NOT NULL auto_increment primary key,
  hotel_name varchar(100) NOT NULL,
  street_hotel varchar(100) NOT NULL,
  city_hotel varchar(100) NOT NULL,
  country_hotel varchar(100) NOT NULL,
  year_of_construction datetime NOT NULL,
  prepayment ENUM ('Yes','No') NOT NULL,
  price int NOT NULL,
  type_card varchar(100) NOT NULL,
  rating float(10) default 0,
  media_id int NOT NULL,
  created_at datetime DEFAULT current_timestamp(),
  updated_at datetime DEFAULT current_timestamp(),
  CONSTRAINT media_id_fk 
  foreign key (media_id) references media(id)
);

INSERT INTO `hotels` (`id`, `hotel_name`, `street_hotel`, `city_hotel`, `country_hotel`, `year_of_construction`, `prepayment`, `price`, `type_card`, `rating`, `media_id`, `created_at`, `updated_at`) VALUES (1, 'Dach LLC', '8265 Esta Light', 'Connellyshire', 'Western Sahara', '1985-06-28 18:17:02', 'Yes', 21785, 'MasterCard', 532402698, 1, '1973-06-01 12:42:19', '1973-10-18 10:03:27');
INSERT INTO `hotels` (`id`, `hotel_name`, `street_hotel`, `city_hotel`, `country_hotel`, `year_of_construction`, `prepayment`, `price`, `type_card`, `rating`, `media_id`, `created_at`, `updated_at`) VALUES (2, 'Osinski-Donnelly', '327 Lowe Plaza', 'Smithstad', 'Haiti', '1987-10-02 17:32:22', 'Yes', 16095, 'American Express', 279, 2, '2008-10-20 12:05:11', '1986-01-11 02:54:23');
INSERT INTO `hotels` (`id`, `hotel_name`, `street_hotel`, `city_hotel`, `country_hotel`, `year_of_construction`, `prepayment`, `price`, `type_card`, `rating`, `media_id`, `created_at`, `updated_at`) VALUES (3, 'Harber PLC', '805 Meda Harbors', 'West Oma', 'Djibouti', '1971-11-17 11:29:23', 'Yes', 13560, 'MasterCard', 920910, 3, '2000-10-02 08:47:41', '1981-08-07 21:28:51');
INSERT INTO `hotels` (`id`, `hotel_name`, `street_hotel`, `city_hotel`, `country_hotel`, `year_of_construction`, `prepayment`, `price`, `type_card`, `rating`, `media_id`, `created_at`, `updated_at`) VALUES (4, 'Hoeger-Anderson', '9243 Senger Harbor', 'Jaskolskiview', 'Jordan', '2016-07-13 05:21:44', 'No', 31437, 'Visa', 851778, 4, '2011-12-31 09:32:01', '1997-10-09 13:24:27');
INSERT INTO `hotels` (`id`, `hotel_name`, `street_hotel`, `city_hotel`, `country_hotel`, `year_of_construction`, `prepayment`, `price`, `type_card`, `rating`, `media_id`, `created_at`, `updated_at`) VALUES (5, 'Boyer and Sons', '774 Carley Trail', 'Kristofferfort', 'Cocos (Keeling) Islands', '1995-01-11 08:02:04', 'Yes', 35529, 'Visa', 0, 5, '2012-05-05 12:14:03', '2019-09-25 12:48:20');
INSERT INTO `hotels` (`id`, `hotel_name`, `street_hotel`, `city_hotel`, `country_hotel`, `year_of_construction`, `prepayment`, `price`, `type_card`, `rating`, `media_id`, `created_at`, `updated_at`) VALUES (6, 'Bosco, Ledner and Weber', '0209 Hintz Path', 'North Gregstad', 'Germany', '2003-03-20 22:01:50', 'Yes', 35744, 'Visa', 86002, 6, '1995-05-15 01:47:55', '1990-05-27 12:25:08');
INSERT INTO `hotels` (`id`, `hotel_name`, `street_hotel`, `city_hotel`, `country_hotel`, `year_of_construction`, `prepayment`, `price`, `type_card`, `rating`, `media_id`, `created_at`, `updated_at`) VALUES (7, 'Nienow-Greenfelder', '248 Feest Isle Apt. 762', 'Madisonton', 'Kyrgyz Republic', '2016-08-23 14:55:38', 'Yes', 10807, 'Visa', 7, 7, '1999-11-14 10:20:12', '1987-11-11 04:10:51');
INSERT INTO `hotels` (`id`, `hotel_name`, `street_hotel`, `city_hotel`, `country_hotel`, `year_of_construction`, `prepayment`, `price`, `type_card`, `rating`, `media_id`, `created_at`, `updated_at`) VALUES (8, 'Lehner Group', '111 Ophelia Oval Apt. 775', 'Hermistonville', 'Moldova', '1994-02-10 20:50:58', 'No', 9661, 'MasterCard', 77407, 8, '1972-07-08 11:58:05', '2020-11-11 10:26:52');
INSERT INTO `hotels` (`id`, `hotel_name`, `street_hotel`, `city_hotel`, `country_hotel`, `year_of_construction`, `prepayment`, `price`, `type_card`, `rating`, `media_id`, `created_at`, `updated_at`) VALUES (9, 'Watsica Ltd', '4739 Connelly Street Apt. 417', 'West Ruby', 'Puerto Rico', '2006-08-31 22:40:58', 'Yes', 4617, 'Visa', 52, 9, '2013-03-21 21:13:31', '2001-11-09 02:34:11');
INSERT INTO `hotels` (`id`, `hotel_name`, `street_hotel`, `city_hotel`, `country_hotel`, `year_of_construction`, `prepayment`, `price`, `type_card`, `rating`, `media_id`, `created_at`, `updated_at`) VALUES (10, 'Dach, Monahan and Hammes', '81664 Jorge Harbors', 'Kiehnside', 'Holy See (Vatican City State)', '2011-01-24 09:46:19', 'Yes', 28047, 'Visa', 65765, 10, '1981-01-17 15:37:46', '1976-11-11 14:23:35');
INSERT INTO `hotels` (`id`, `hotel_name`, `street_hotel`, `city_hotel`, `country_hotel`, `year_of_construction`, `prepayment`, `price`, `type_card`, `rating`, `media_id`, `created_at`, `updated_at`) VALUES (11, 'O\'Kon, Champlin and Kunde', '838 Estel Wells Apt. 953', 'Danykastad', 'Malta', '2003-08-19 02:58:55', 'No', 34869, 'Visa', 787629, 11, '2003-02-28 06:10:41', '2016-09-27 12:58:46');
INSERT INTO `hotels` (`id`, `hotel_name`, `street_hotel`, `city_hotel`, `country_hotel`, `year_of_construction`, `prepayment`, `price`, `type_card`, `rating`, `media_id`, `created_at`, `updated_at`) VALUES (12, 'Morissette Ltd', '106 Osinski Island', 'Wuckertmouth', 'Palau', '2020-05-25 23:17:52', 'No', 29503, 'Visa', 842667794, 12, '1994-04-04 20:02:50', '2009-06-06 21:47:26');
INSERT INTO `hotels` (`id`, `hotel_name`, `street_hotel`, `city_hotel`, `country_hotel`, `year_of_construction`, `prepayment`, `price`, `type_card`, `rating`, `media_id`, `created_at`, `updated_at`) VALUES (13, 'Conn, Renner and Price', '94763 Heaven Row', 'Lake Lionelmouth', 'San Marino', '1987-02-06 02:15:54', 'No', 22902, 'Visa', 46889276, 13, '2001-01-01 09:29:25', '2000-04-18 09:43:30');
INSERT INTO `hotels` (`id`, `hotel_name`, `street_hotel`, `city_hotel`, `country_hotel`, `year_of_construction`, `prepayment`, `price`, `type_card`, `rating`, `media_id`, `created_at`, `updated_at`) VALUES (14, 'Aufderhar, Franecki and Rolfson', '762 Gleichner Summit', 'Danykamouth', 'Kenya', '1994-07-13 21:26:40', 'Yes', 25634, 'Visa', 733858, 14, '2011-10-10 03:00:12', '1991-04-04 17:23:24');
INSERT INTO `hotels` (`id`, `hotel_name`, `street_hotel`, `city_hotel`, `country_hotel`, `year_of_construction`, `prepayment`, `price`, `type_card`, `rating`, `media_id`, `created_at`, `updated_at`) VALUES (15, 'Buckridge LLC', '092 Berniece Key Apt. 604', 'Abernathyton', 'Saint Vincent and the Grenadines', '1979-07-20 19:41:35', 'No', 17130, 'MasterCard', 49, 15, '2013-01-28 17:25:31', '2010-04-03 02:44:02');
INSERT INTO `hotels` (`id`, `hotel_name`, `street_hotel`, `city_hotel`, `country_hotel`, `year_of_construction`, `prepayment`, `price`, `type_card`, `rating`, `media_id`, `created_at`, `updated_at`) VALUES (16, 'Murray, Sawayn and White', '548 Tracy Common Apt. 324', 'New Einarbury', 'Nauru', '2018-11-12 12:39:47', 'Yes', 3340, 'American Express', 6367848, 16, '2007-12-12 15:43:03', '1984-04-09 12:09:59');
INSERT INTO `hotels` (`id`, `hotel_name`, `street_hotel`, `city_hotel`, `country_hotel`, `year_of_construction`, `prepayment`, `price`, `type_card`, `rating`, `media_id`, `created_at`, `updated_at`) VALUES (17, 'Shanahan-Abbott', '474 Stracke Harbor Suite 831', 'North Jazlyn', 'Macao', '1991-09-23 02:52:07', 'No', 10201, 'Discover Card', 5171, 17, '2006-08-11 03:11:20', '1981-03-05 17:13:13');
INSERT INTO `hotels` (`id`, `hotel_name`, `street_hotel`, `city_hotel`, `country_hotel`, `year_of_construction`, `prepayment`, `price`, `type_card`, `rating`, `media_id`, `created_at`, `updated_at`) VALUES (18, 'Konopelski-Weimann', '282 Noemi Bypass', 'South Mohamed', 'Macao', '1977-05-21 02:30:55', 'No', 33928, 'Visa', 1377797, 18, '2016-12-24 05:56:00', '1987-05-17 04:20:23');
INSERT INTO `hotels` (`id`, `hotel_name`, `street_hotel`, `city_hotel`, `country_hotel`, `year_of_construction`, `prepayment`, `price`, `type_card`, `rating`, `media_id`, `created_at`, `updated_at`) VALUES (19, 'Kertzmann Ltd', '379 Randal Mountains', 'Pricefurt', 'Gambia', '1982-07-08 16:47:52', 'No', 29126, 'Visa', 341727, 19, '2020-11-28 19:47:15', '1977-04-08 04:11:35');
INSERT INTO `hotels` (`id`, `hotel_name`, `street_hotel`, `city_hotel`, `country_hotel`, `year_of_construction`, `prepayment`, `price`, `type_card`, `rating`, `media_id`, `created_at`, `updated_at`) VALUES (20, 'Donnelly, Reinger and Altenwerth', '18019 Runte Trail', 'Pinkieland', 'Canada', '1984-06-15 05:39:50', 'Yes', 38102, 'Visa', 421, 20, '2010-08-03 02:53:38', '2016-12-05 17:20:37');
INSERT INTO `hotels` (`id`, `hotel_name`, `street_hotel`, `city_hotel`, `country_hotel`, `year_of_construction`, `prepayment`, `price`, `type_card`, `rating`, `media_id`, `created_at`, `updated_at`) VALUES (21, 'Armstrong PLC', '7359 Phyllis Crossroad Apt. 551', 'West Madalineville', 'Slovakia (Slovak Republic)', '1987-04-25 12:40:44', 'Yes', 35375, 'MasterCard', 7, 21, '2003-01-16 21:46:37', '1981-07-18 22:32:57');
INSERT INTO `hotels` (`id`, `hotel_name`, `street_hotel`, `city_hotel`, `country_hotel`, `year_of_construction`, `prepayment`, `price`, `type_card`, `rating`, `media_id`, `created_at`, `updated_at`) VALUES (22, 'Bahringer Inc', '6365 Schamberger Villages', 'East Xavierside', 'Nauru', '1977-02-12 07:56:09', 'No', 31838, 'Visa', 901862, 22, '1995-09-05 09:10:43', '1980-03-02 09:10:30');
INSERT INTO `hotels` (`id`, `hotel_name`, `street_hotel`, `city_hotel`, `country_hotel`, `year_of_construction`, `prepayment`, `price`, `type_card`, `rating`, `media_id`, `created_at`, `updated_at`) VALUES (23, 'Harber Ltd', '817 Paucek Loop', 'South Gene', 'Burundi', '1997-05-27 03:09:21', 'No', 25211, 'MasterCard', 79068202, 23, '1987-03-21 16:20:27', '2011-02-18 16:18:43');
INSERT INTO `hotels` (`id`, `hotel_name`, `street_hotel`, `city_hotel`, `country_hotel`, `year_of_construction`, `prepayment`, `price`, `type_card`, `rating`, `media_id`, `created_at`, `updated_at`) VALUES (24, 'Parker-Davis', '8760 Bartell Port', 'West Andreane', 'Vietnam', '1985-05-27 07:48:52', 'No', 25816, 'MasterCard', 20, 24, '1989-04-26 14:08:57', '1971-08-15 02:40:16');
INSERT INTO `hotels` (`id`, `hotel_name`, `street_hotel`, `city_hotel`, `country_hotel`, `year_of_construction`, `prepayment`, `price`, `type_card`, `rating`, `media_id`, `created_at`, `updated_at`) VALUES (25, 'Powlowski, Treutel and Kub', '3787 Zena Corners Apt. 163', 'Blockland', 'Israel', '1990-04-25 07:34:55', 'No', 31883, 'Visa', 5, 25, '1974-11-09 21:03:01', '2008-01-29 06:33:58');
INSERT INTO `hotels` (`id`, `hotel_name`, `street_hotel`, `city_hotel`, `country_hotel`, `year_of_construction`, `prepayment`, `price`, `type_card`, `rating`, `media_id`, `created_at`, `updated_at`) VALUES (26, 'Howell-Windler', '48479 Lockman Ville', 'Port Makenna', 'Madagascar', '1979-03-03 05:51:50', 'Yes', 33714, 'Visa', 84, 26, '1974-12-15 02:00:09', '2000-02-06 22:38:32');
INSERT INTO `hotels` (`id`, `hotel_name`, `street_hotel`, `city_hotel`, `country_hotel`, `year_of_construction`, `prepayment`, `price`, `type_card`, `rating`, `media_id`, `created_at`, `updated_at`) VALUES (27, 'Pfannerstill, Pacocha and Pouros', '96454 Francesco Walk', 'East Elisabethfurt', 'Cayman Islands', '2004-05-15 16:20:35', 'Yes', 1636, 'Visa', 4, 27, '1976-05-12 11:54:54', '1997-12-24 10:10:42');
INSERT INTO `hotels` (`id`, `hotel_name`, `street_hotel`, `city_hotel`, `country_hotel`, `year_of_construction`, `prepayment`, `price`, `type_card`, `rating`, `media_id`, `created_at`, `updated_at`) VALUES (28, 'Frami Ltd', '7093 Borer Oval', 'Buddychester', 'Montserrat', '1980-07-31 06:04:54', 'No', 39966, 'Visa', 0, 28, '2002-07-15 22:49:57', '1999-09-26 12:11:33');
INSERT INTO `hotels` (`id`, `hotel_name`, `street_hotel`, `city_hotel`, `country_hotel`, `year_of_construction`, `prepayment`, `price`, `type_card`, `rating`, `media_id`, `created_at`, `updated_at`) VALUES (29, 'Johnston and Sons', '157 Jonathon Drive Suite 905', 'Daishaland', 'Ethiopia', '1989-02-18 22:39:45', 'Yes', 12817, 'MasterCard', 3808, 29, '1973-11-12 20:41:38', '2007-06-09 19:00:12');
INSERT INTO `hotels` (`id`, `hotel_name`, `street_hotel`, `city_hotel`, `country_hotel`, `year_of_construction`, `prepayment`, `price`, `type_card`, `rating`, `media_id`, `created_at`, `updated_at`) VALUES (30, 'Tillman, Fadel and Effertz', '35821 Altenwerth Cove Suite 188', 'Koelpinborough', 'Belgium', '2014-07-17 11:31:06', 'Yes', 11189, 'Visa', 97309583, 30, '2017-02-25 13:25:23', '2016-09-12 20:42:53');
INSERT INTO `hotels` (`id`, `hotel_name`, `street_hotel`, `city_hotel`, `country_hotel`, `year_of_construction`, `prepayment`, `price`, `type_card`, `rating`, `media_id`, `created_at`, `updated_at`) VALUES (31, 'Zemlak-Pagac', '025 Schinner Crescent Suite 003', 'Langworthshire', 'United Kingdom', '1993-12-29 02:55:14', 'No', 38208, 'Discover Card', 0, 31, '1978-11-19 06:17:32', '1972-07-11 10:03:15');
INSERT INTO `hotels` (`id`, `hotel_name`, `street_hotel`, `city_hotel`, `country_hotel`, `year_of_construction`, `prepayment`, `price`, `type_card`, `rating`, `media_id`, `created_at`, `updated_at`) VALUES (32, 'Kerluke, Abernathy and Kozey', '621 Clare Island', 'South Darianaland', 'French Guiana', '1992-04-13 22:36:13', 'No', 2797, 'Visa', 1344124, 32, '2006-12-08 04:22:20', '2001-01-03 02:04:38');
INSERT INTO `hotels` (`id`, `hotel_name`, `street_hotel`, `city_hotel`, `country_hotel`, `year_of_construction`, `prepayment`, `price`, `type_card`, `rating`, `media_id`, `created_at`, `updated_at`) VALUES (33, 'Parisian-Lockman', '6354 Bahringer Camp Suite 866', 'Kendrickbury', 'Nauru', '1972-01-22 05:47:55', 'Yes', 2481, 'MasterCard', 15052, 33, '2002-05-14 06:46:10', '2000-03-04 01:32:40');
INSERT INTO `hotels` (`id`, `hotel_name`, `street_hotel`, `city_hotel`, `country_hotel`, `year_of_construction`, `prepayment`, `price`, `type_card`, `rating`, `media_id`, `created_at`, `updated_at`) VALUES (34, 'Spencer-Cormier', '76049 Alessandra Station Suite 354', 'West Leonor', 'Saint Martin', '2009-11-12 09:02:39', 'No', 27633, 'Visa', 6, 34, '1998-04-15 19:40:12', '1995-05-24 10:15:11');
INSERT INTO `hotels` (`id`, `hotel_name`, `street_hotel`, `city_hotel`, `country_hotel`, `year_of_construction`, `prepayment`, `price`, `type_card`, `rating`, `media_id`, `created_at`, `updated_at`) VALUES (35, 'Berge-Morar', '58121 Tromp Prairie', 'East Shainachester', 'Saint Helena', '1993-11-22 22:50:47', 'Yes', 14483, 'Visa', 999628, 35, '1994-02-18 18:23:23', '1989-05-29 00:00:32');
INSERT INTO `hotels` (`id`, `hotel_name`, `street_hotel`, `city_hotel`, `country_hotel`, `year_of_construction`, `prepayment`, `price`, `type_card`, `rating`, `media_id`, `created_at`, `updated_at`) VALUES (36, 'Gleason Ltd', '264 Jakubowski Harbor Suite 515', 'Port Leliamouth', 'Poland', '1990-10-06 05:20:30', 'No', 15374, 'MasterCard', 4871908, 36, '1993-09-03 15:14:34', '1994-01-13 06:19:15');
INSERT INTO `hotels` (`id`, `hotel_name`, `street_hotel`, `city_hotel`, `country_hotel`, `year_of_construction`, `prepayment`, `price`, `type_card`, `rating`, `media_id`, `created_at`, `updated_at`) VALUES (37, 'Heathcote, Sipes and Crooks', '5429 Damaris Shoals', 'Bryceland', 'Jersey', '2001-10-14 00:58:09', 'No', 2658, 'Visa', 0, 37, '1995-01-22 12:22:32', '2017-06-19 09:10:40');
INSERT INTO `hotels` (`id`, `hotel_name`, `street_hotel`, `city_hotel`, `country_hotel`, `year_of_construction`, `prepayment`, `price`, `type_card`, `rating`, `media_id`, `created_at`, `updated_at`) VALUES (38, 'D\'Amore and Sons', '9076 Auer Summit', 'South Kristaside', 'Burundi', '2013-07-13 16:45:32', 'Yes', 33794, 'MasterCard', 11, 38, '1999-05-04 16:43:01', '1991-12-25 07:26:34');
INSERT INTO `hotels` (`id`, `hotel_name`, `street_hotel`, `city_hotel`, `country_hotel`, `year_of_construction`, `prepayment`, `price`, `type_card`, `rating`, `media_id`, `created_at`, `updated_at`) VALUES (39, 'Schulist-Gerhold', '2977 Bednar Greens Apt. 082', 'Athenaton', 'British Indian Ocean Territory (Chagos Archipelago)', '1997-02-06 10:43:01', 'Yes', 36026, 'MasterCard', 57, 39, '2002-05-06 10:29:00', '1971-03-26 14:36:50');
INSERT INTO `hotels` (`id`, `hotel_name`, `street_hotel`, `city_hotel`, `country_hotel`, `year_of_construction`, `prepayment`, `price`, `type_card`, `rating`, `media_id`, `created_at`, `updated_at`) VALUES (40, 'McLaughlin, Nitzsche and Kassulke', '7955 Kreiger Port Suite 997', 'Jonesfurt', 'Cuba', '1975-08-31 19:44:05', 'Yes', 15026, 'American Express', 0, 40, '2009-09-24 02:18:45', '2013-02-01 22:30:38');
INSERT INTO `hotels` (`id`, `hotel_name`, `street_hotel`, `city_hotel`, `country_hotel`, `year_of_construction`, `prepayment`, `price`, `type_card`, `rating`, `media_id`, `created_at`, `updated_at`) VALUES (41, 'Renner-Pacocha', '570 Lesch Forges Apt. 635', 'Calebury', 'Netherlands Antilles', '2014-06-05 01:53:21', 'Yes', 32976, 'MasterCard', 0, 41, '1973-11-12 19:07:47', '2005-04-10 20:38:52');
INSERT INTO `hotels` (`id`, `hotel_name`, `street_hotel`, `city_hotel`, `country_hotel`, `year_of_construction`, `prepayment`, `price`, `type_card`, `rating`, `media_id`, `created_at`, `updated_at`) VALUES (42, 'Kunze-Hilll', '604 Lindsay Stravenue', 'South Jamirfurt', 'Slovakia (Slovak Republic)', '2001-01-18 07:33:35', 'No', 28997, 'MasterCard', 223, 42, '2019-07-10 17:58:29', '1998-02-27 18:50:38');
INSERT INTO `hotels` (`id`, `hotel_name`, `street_hotel`, `city_hotel`, `country_hotel`, `year_of_construction`, `prepayment`, `price`, `type_card`, `rating`, `media_id`, `created_at`, `updated_at`) VALUES (43, 'Rath-Becker', '183 Steve Meadows Apt. 049', 'Lake Florian', 'Chile', '1985-09-30 11:30:50', 'No', 7929, 'American Express', 7126, 43, '2014-04-23 17:15:18', '2020-03-02 10:09:31');
INSERT INTO `hotels` (`id`, `hotel_name`, `street_hotel`, `city_hotel`, `country_hotel`, `year_of_construction`, `prepayment`, `price`, `type_card`, `rating`, `media_id`, `created_at`, `updated_at`) VALUES (44, 'Rodriguez, Stracke and Effertz', '134 Elroy Viaduct Suite 296', 'South Bryanamouth', 'Reunion', '1979-09-06 04:47:36', 'Yes', 39021, 'MasterCard', 42189, 44, '2017-11-11 15:00:18', '1990-09-17 17:02:41');
INSERT INTO `hotels` (`id`, `hotel_name`, `street_hotel`, `city_hotel`, `country_hotel`, `year_of_construction`, `prepayment`, `price`, `type_card`, `rating`, `media_id`, `created_at`, `updated_at`) VALUES (45, 'Carroll LLC', '6515 Shields Harbors Apt. 954', 'East Mortimer', 'Papua New Guinea', '1998-01-27 03:11:46', 'No', 12908, 'Visa', 55222220, 45, '1979-08-02 04:53:15', '1970-12-02 11:19:41');
INSERT INTO `hotels` (`id`, `hotel_name`, `street_hotel`, `city_hotel`, `country_hotel`, `year_of_construction`, `prepayment`, `price`, `type_card`, `rating`, `media_id`, `created_at`, `updated_at`) VALUES (46, 'Brakus, D\'Amore and Weissnat', '09097 Felix Pines', 'Amelieton', 'Czech Republic', '2000-12-02 09:15:42', 'No', 39730, 'Visa', 5, 46, '1976-07-22 00:39:29', '2015-07-11 00:28:09');
INSERT INTO `hotels` (`id`, `hotel_name`, `street_hotel`, `city_hotel`, `country_hotel`, `year_of_construction`, `prepayment`, `price`, `type_card`, `rating`, `media_id`, `created_at`, `updated_at`) VALUES (47, 'Conroy, Kunze and Zulauf', '3836 Roderick Vista Suite 436', 'North Twila', 'South Georgia and the South Sandwich Islands', '2019-03-02 06:24:49', 'Yes', 156, 'Visa', 3, 47, '1974-12-21 07:29:16', '2006-06-01 03:19:22');
INSERT INTO `hotels` (`id`, `hotel_name`, `street_hotel`, `city_hotel`, `country_hotel`, `year_of_construction`, `prepayment`, `price`, `type_card`, `rating`, `media_id`, `created_at`, `updated_at`) VALUES (48, 'Rau PLC', '2864 Reinger Rapids', 'Ritchietown', 'Bahamas', '1986-10-28 19:56:35', 'Yes', 22448, 'MasterCard', 41557, 48, '1982-10-17 10:29:25', '2014-04-09 15:05:18');
INSERT INTO `hotels` (`id`, `hotel_name`, `street_hotel`, `city_hotel`, `country_hotel`, `year_of_construction`, `prepayment`, `price`, `type_card`, `rating`, `media_id`, `created_at`, `updated_at`) VALUES (49, 'Hirthe, Stanton and Effertz', '969 Donnelly Route', 'Lexusmouth', 'Spain', '1996-01-17 08:50:37', 'No', 34534, 'MasterCard', 28, 49, '2019-11-04 03:41:33', '1970-05-25 19:03:11');
INSERT INTO `hotels` (`id`, `hotel_name`, `street_hotel`, `city_hotel`, `country_hotel`, `year_of_construction`, `prepayment`, `price`, `type_card`, `rating`, `media_id`, `created_at`, `updated_at`) VALUES (50, 'Murray-Kuphal', '13831 Fahey Stravenue Apt. 856', 'North Arlie', 'Bermuda', '1992-08-24 01:24:45', 'No', 6967, 'American Express', 2516166, 50, '2006-08-01 23:10:06', '1987-10-28 08:45:02');
INSERT INTO `hotels` (`id`, `hotel_name`, `street_hotel`, `city_hotel`, `country_hotel`, `year_of_construction`, `prepayment`, `price`, `type_card`, `rating`, `media_id`, `created_at`, `updated_at`) VALUES (51, 'Kuvalis-Breitenberg', '806 Deven Fork', 'East Kallieburgh', 'Kazakhstan', '1971-05-09 17:12:34', 'Yes', 27160, 'Visa', 6864337, 51, '1997-09-28 10:37:53', '2015-03-27 14:46:21');
INSERT INTO `hotels` (`id`, `hotel_name`, `street_hotel`, `city_hotel`, `country_hotel`, `year_of_construction`, `prepayment`, `price`, `type_card`, `rating`, `media_id`, `created_at`, `updated_at`) VALUES (52, 'Hartmann-Willms', '55888 McKenzie Mountains', 'Cydneyville', 'Burkina Faso', '1977-03-23 04:12:15', 'No', 30329, 'Visa', 8014971, 52, '1996-05-21 16:25:47', '1991-04-07 18:19:07');
INSERT INTO `hotels` (`id`, `hotel_name`, `street_hotel`, `city_hotel`, `country_hotel`, `year_of_construction`, `prepayment`, `price`, `type_card`, `rating`, `media_id`, `created_at`, `updated_at`) VALUES (53, 'Powlowski LLC', '547 Madie Landing', 'Trevorbury', 'Vietnam', '1982-10-27 03:26:55', 'Yes', 23310, 'Visa', 97, 53, '1974-01-18 07:14:26', '2019-09-13 01:04:00');
INSERT INTO `hotels` (`id`, `hotel_name`, `street_hotel`, `city_hotel`, `country_hotel`, `year_of_construction`, `prepayment`, `price`, `type_card`, `rating`, `media_id`, `created_at`, `updated_at`) VALUES (54, 'Conroy-Balistreri', '9773 Cortney Tunnel Suite 688', 'Port Lizeth', 'Bahamas', '1994-06-24 05:46:46', 'No', 8770, 'American Express', 229914965, 54, '1970-05-25 12:35:32', '1998-09-23 21:47:31');
INSERT INTO `hotels` (`id`, `hotel_name`, `street_hotel`, `city_hotel`, `country_hotel`, `year_of_construction`, `prepayment`, `price`, `type_card`, `rating`, `media_id`, `created_at`, `updated_at`) VALUES (55, 'Deckow, Romaguera and Powlowski', '3512 Wisoky Underpass Suite 118', 'New Oran', 'Central African Republic', '1971-09-22 18:11:56', 'No', 36151, 'Visa', 1, 55, '1985-09-20 11:03:11', '2020-12-23 17:34:15');
INSERT INTO `hotels` (`id`, `hotel_name`, `street_hotel`, `city_hotel`, `country_hotel`, `year_of_construction`, `prepayment`, `price`, `type_card`, `rating`, `media_id`, `created_at`, `updated_at`) VALUES (56, 'Wiza, Schuppe and Legros', '343 Brad Parkways Apt. 087', 'East Marcellamouth', 'British Virgin Islands', '1980-08-19 21:08:44', 'No', 24852, 'Visa', 2141, 56, '1983-08-16 13:51:53', '1995-01-27 23:18:56');
INSERT INTO `hotels` (`id`, `hotel_name`, `street_hotel`, `city_hotel`, `country_hotel`, `year_of_construction`, `prepayment`, `price`, `type_card`, `rating`, `media_id`, `created_at`, `updated_at`) VALUES (57, 'Beatty-Dickens', '389 Raynor Rue', 'Leestad', 'Uzbekistan', '2011-09-15 00:01:48', 'No', 9001, 'Discover Card', 221410753, 57, '2018-02-08 07:22:14', '2010-01-23 00:43:04');
INSERT INTO `hotels` (`id`, `hotel_name`, `street_hotel`, `city_hotel`, `country_hotel`, `year_of_construction`, `prepayment`, `price`, `type_card`, `rating`, `media_id`, `created_at`, `updated_at`) VALUES (58, 'Lind, Torphy and Herman', '73865 Joseph Run', 'Watsonberg', 'Cyprus', '1996-05-09 09:42:58', 'Yes', 688, 'MasterCard', 431, 58, '1988-07-15 23:37:57', '1997-11-21 01:49:59');
INSERT INTO `hotels` (`id`, `hotel_name`, `street_hotel`, `city_hotel`, `country_hotel`, `year_of_construction`, `prepayment`, `price`, `type_card`, `rating`, `media_id`, `created_at`, `updated_at`) VALUES (59, 'Heaney-Spencer', '8724 Travis Curve Suite 968', 'Port Daphne', 'Saint Martin', '2009-01-22 12:39:12', 'Yes', 14193, 'Visa', 45098, 59, '1993-03-12 14:53:15', '1997-10-16 16:11:21');
INSERT INTO `hotels` (`id`, `hotel_name`, `street_hotel`, `city_hotel`, `country_hotel`, `year_of_construction`, `prepayment`, `price`, `type_card`, `rating`, `media_id`, `created_at`, `updated_at`) VALUES (60, 'Hagenes, West and Mosciski', '16182 Yost Course', 'New Tatyana', 'Suriname', '2006-07-15 08:06:29', 'No', 1472, 'MasterCard', 584, 60, '1974-01-07 11:12:13', '1970-01-15 23:26:32');
INSERT INTO `hotels` (`id`, `hotel_name`, `street_hotel`, `city_hotel`, `country_hotel`, `year_of_construction`, `prepayment`, `price`, `type_card`, `rating`, `media_id`, `created_at`, `updated_at`) VALUES (61, 'Dach Group', '3389 Krista Junction Suite 991', 'O\'Haraview', 'Tonga', '1973-11-20 18:56:59', 'Yes', 37211, 'MasterCard', 664686123, 61, '1975-02-18 06:03:53', '2013-05-28 13:19:03');
INSERT INTO `hotels` (`id`, `hotel_name`, `street_hotel`, `city_hotel`, `country_hotel`, `year_of_construction`, `prepayment`, `price`, `type_card`, `rating`, `media_id`, `created_at`, `updated_at`) VALUES (62, 'Little Inc', '0062 Fay Dam', 'Christelleland', 'Afghanistan', '1981-06-29 01:18:01', 'No', 12087, 'MasterCard', 658, 62, '1999-02-03 00:24:38', '1980-04-09 04:21:37');
INSERT INTO `hotels` (`id`, `hotel_name`, `street_hotel`, `city_hotel`, `country_hotel`, `year_of_construction`, `prepayment`, `price`, `type_card`, `rating`, `media_id`, `created_at`, `updated_at`) VALUES (63, 'Labadie LLC', '49140 Melba Brook Apt. 985', 'Port Jerald', 'Denmark', '2001-04-20 03:59:12', 'Yes', 2242, 'MasterCard', 0, 63, '1985-02-28 10:40:35', '2007-09-14 04:44:48');
INSERT INTO `hotels` (`id`, `hotel_name`, `street_hotel`, `city_hotel`, `country_hotel`, `year_of_construction`, `prepayment`, `price`, `type_card`, `rating`, `media_id`, `created_at`, `updated_at`) VALUES (64, 'Sporer-Kertzmann', '543 Cronin Street', 'New Edythe', 'Slovenia', '1984-10-20 11:15:03', 'No', 8586, 'MasterCard', 271028, 64, '2019-01-04 03:01:45', '2005-06-23 06:21:25');
INSERT INTO `hotels` (`id`, `hotel_name`, `street_hotel`, `city_hotel`, `country_hotel`, `year_of_construction`, `prepayment`, `price`, `type_card`, `rating`, `media_id`, `created_at`, `updated_at`) VALUES (65, 'Wilkinson-Halvorson', '11089 Tyra Alley Suite 404', 'West Jaidenview', 'Bulgaria', '2005-09-21 10:38:09', 'No', 14279, 'MasterCard', 0, 65, '1984-10-10 02:42:14', '2019-09-14 23:29:47');
INSERT INTO `hotels` (`id`, `hotel_name`, `street_hotel`, `city_hotel`, `country_hotel`, `year_of_construction`, `prepayment`, `price`, `type_card`, `rating`, `media_id`, `created_at`, `updated_at`) VALUES (66, 'McKenzie, Abbott and Osinski', '126 Wilma Way Suite 555', 'Jeanetteville', 'Kyrgyz Republic', '2019-03-03 12:52:49', 'Yes', 3275, 'Visa', 80844808, 66, '2002-06-13 22:45:39', '1996-02-16 11:54:28');
INSERT INTO `hotels` (`id`, `hotel_name`, `street_hotel`, `city_hotel`, `country_hotel`, `year_of_construction`, `prepayment`, `price`, `type_card`, `rating`, `media_id`, `created_at`, `updated_at`) VALUES (67, 'Grimes-Blanda', '0288 Ebba Mills Apt. 156', 'Lake Adelinestad', 'Saint Martin', '2019-11-07 16:31:22', 'No', 12012, 'MasterCard', 554205884, 67, '1996-05-15 15:36:33', '1985-01-13 18:01:20');
INSERT INTO `hotels` (`id`, `hotel_name`, `street_hotel`, `city_hotel`, `country_hotel`, `year_of_construction`, `prepayment`, `price`, `type_card`, `rating`, `media_id`, `created_at`, `updated_at`) VALUES (68, 'Runolfsson-Goodwin', '1386 Stokes Common Apt. 989', 'East Daren', 'French Polynesia', '2018-01-21 19:42:31', 'No', 27289, 'Visa', 0, 68, '1975-03-15 18:46:38', '1995-11-09 05:07:00');
INSERT INTO `hotels` (`id`, `hotel_name`, `street_hotel`, `city_hotel`, `country_hotel`, `year_of_construction`, `prepayment`, `price`, `type_card`, `rating`, `media_id`, `created_at`, `updated_at`) VALUES (69, 'Senger and Sons', '4853 Geovanni Vista Apt. 079', 'Rodgerport', 'Gabon', '1979-12-10 16:04:59', 'No', 30568, 'Visa', 719, 69, '1999-09-06 10:21:28', '1972-10-05 15:37:57');
INSERT INTO `hotels` (`id`, `hotel_name`, `street_hotel`, `city_hotel`, `country_hotel`, `year_of_construction`, `prepayment`, `price`, `type_card`, `rating`, `media_id`, `created_at`, `updated_at`) VALUES (70, 'Grimes Ltd', '0729 Cremin Greens', 'Shanonborough', 'Slovakia (Slovak Republic)', '1973-01-02 02:19:33', 'No', 25974, 'MasterCard', 56, 70, '2012-01-18 23:10:31', '2012-01-18 14:32:55');
INSERT INTO `hotels` (`id`, `hotel_name`, `street_hotel`, `city_hotel`, `country_hotel`, `year_of_construction`, `prepayment`, `price`, `type_card`, `rating`, `media_id`, `created_at`, `updated_at`) VALUES (71, 'Hackett Group', '308 Stoltenberg Drive', 'Elwinmouth', 'Togo', '2004-07-15 14:05:05', 'No', 385, 'Visa', 9521, 71, '2007-04-01 20:38:17', '1971-11-06 02:52:12');
INSERT INTO `hotels` (`id`, `hotel_name`, `street_hotel`, `city_hotel`, `country_hotel`, `year_of_construction`, `prepayment`, `price`, `type_card`, `rating`, `media_id`, `created_at`, `updated_at`) VALUES (72, 'Upton-Dooley', '765 Camilla View', 'Janyberg', 'Turkey', '2012-07-24 17:48:28', 'Yes', 16021, 'Visa', 83891, 72, '2013-10-02 13:13:33', '1976-06-09 08:32:07');
INSERT INTO `hotels` (`id`, `hotel_name`, `street_hotel`, `city_hotel`, `country_hotel`, `year_of_construction`, `prepayment`, `price`, `type_card`, `rating`, `media_id`, `created_at`, `updated_at`) VALUES (73, 'Wintheiser Inc', '574 Jakubowski Parkways Apt. 695', 'Weldonchester', 'Mayotte', '1991-09-01 02:33:13', 'Yes', 28003, 'MasterCard', 7, 73, '2015-06-06 20:27:03', '1980-12-22 03:37:14');
INSERT INTO `hotels` (`id`, `hotel_name`, `street_hotel`, `city_hotel`, `country_hotel`, `year_of_construction`, `prepayment`, `price`, `type_card`, `rating`, `media_id`, `created_at`, `updated_at`) VALUES (74, 'Skiles-Padberg', '59008 Florencio Curve', 'Lake Teagan', 'Brunei Darussalam', '1984-07-17 05:22:56', 'No', 13707, 'MasterCard', 92, 74, '1985-09-17 16:24:11', '1978-11-23 11:32:56');
INSERT INTO `hotels` (`id`, `hotel_name`, `street_hotel`, `city_hotel`, `country_hotel`, `year_of_construction`, `prepayment`, `price`, `type_card`, `rating`, `media_id`, `created_at`, `updated_at`) VALUES (75, 'Blanda, Auer and Ward', '061 Gottlieb Mission', 'Ernieshire', 'Armenia', '1991-06-07 00:17:12', 'Yes', 31113, 'MasterCard', 41834466, 75, '2009-05-12 17:09:09', '2009-02-09 03:34:34');
INSERT INTO `hotels` (`id`, `hotel_name`, `street_hotel`, `city_hotel`, `country_hotel`, `year_of_construction`, `prepayment`, `price`, `type_card`, `rating`, `media_id`, `created_at`, `updated_at`) VALUES (76, 'Rath-Renner', '478 Monahan Cape', 'Anibalville', 'Italy', '1980-08-20 14:04:01', 'No', 3930, 'MasterCard', 91267, 76, '2000-11-18 12:16:36', '2018-11-16 20:53:34');
INSERT INTO `hotels` (`id`, `hotel_name`, `street_hotel`, `city_hotel`, `country_hotel`, `year_of_construction`, `prepayment`, `price`, `type_card`, `rating`, `media_id`, `created_at`, `updated_at`) VALUES (77, 'Gislason-Kling', '39530 Elian Wall Suite 744', 'Elizaborough', 'Norfolk Island', '1972-05-21 15:33:26', 'No', 12817, 'MasterCard', 54540664, 77, '2002-12-22 09:00:24', '2015-06-30 02:51:32');
INSERT INTO `hotels` (`id`, `hotel_name`, `street_hotel`, `city_hotel`, `country_hotel`, `year_of_construction`, `prepayment`, `price`, `type_card`, `rating`, `media_id`, `created_at`, `updated_at`) VALUES (78, 'Hermann, Vandervort and Bergstrom', '922 Adrian Harbor Suite 077', 'Wunschmouth', 'Myanmar', '1989-09-18 14:35:14', 'No', 24309, 'Visa', 910960661, 78, '1976-01-22 11:21:48', '1982-05-24 14:02:47');
INSERT INTO `hotels` (`id`, `hotel_name`, `street_hotel`, `city_hotel`, `country_hotel`, `year_of_construction`, `prepayment`, `price`, `type_card`, `rating`, `media_id`, `created_at`, `updated_at`) VALUES (79, 'Douglas, Sauer and Franecki', '6868 Frankie Extension Suite 850', 'Tateton', 'Tanzania', '1991-01-24 22:41:14', 'No', 290, 'American Express', 0, 79, '1982-02-28 15:48:00', '1998-12-18 07:45:20');
INSERT INTO `hotels` (`id`, `hotel_name`, `street_hotel`, `city_hotel`, `country_hotel`, `year_of_construction`, `prepayment`, `price`, `type_card`, `rating`, `media_id`, `created_at`, `updated_at`) VALUES (80, 'Willms LLC', '470 Goyette Roads Apt. 717', 'North Maymie', 'Saint Martin', '2014-06-01 00:30:32', 'No', 39399, 'MasterCard', 57282, 80, '1985-09-10 22:56:29', '1982-10-18 12:07:29');
INSERT INTO `hotels` (`id`, `hotel_name`, `street_hotel`, `city_hotel`, `country_hotel`, `year_of_construction`, `prepayment`, `price`, `type_card`, `rating`, `media_id`, `created_at`, `updated_at`) VALUES (81, 'Hilll Ltd', '9909 Emmalee Branch', 'Cartwrightville', 'Palau', '2003-12-29 08:08:41', 'No', 23383, 'Visa', 36758752, 81, '1978-06-26 03:21:43', '2012-01-03 08:48:15');
INSERT INTO `hotels` (`id`, `hotel_name`, `street_hotel`, `city_hotel`, `country_hotel`, `year_of_construction`, `prepayment`, `price`, `type_card`, `rating`, `media_id`, `created_at`, `updated_at`) VALUES (82, 'Feeney, Altenwerth and Bruen', '04153 Eileen Crest Apt. 804', 'West Christellechester', 'Poland', '1977-03-12 18:38:29', 'No', 29460, 'MasterCard', 8, 82, '2003-02-18 12:20:41', '1975-12-14 10:13:55');
INSERT INTO `hotels` (`id`, `hotel_name`, `street_hotel`, `city_hotel`, `country_hotel`, `year_of_construction`, `prepayment`, `price`, `type_card`, `rating`, `media_id`, `created_at`, `updated_at`) VALUES (83, 'McLaughlin, Hegmann and Kub', '47370 Weimann Rapid Apt. 940', 'East Wilfrid', 'Maldives', '1988-11-15 03:05:31', 'No', 16778, 'Discover Card', 22736, 83, '1972-01-11 19:12:39', '1983-08-05 07:42:14');
INSERT INTO `hotels` (`id`, `hotel_name`, `street_hotel`, `city_hotel`, `country_hotel`, `year_of_construction`, `prepayment`, `price`, `type_card`, `rating`, `media_id`, `created_at`, `updated_at`) VALUES (84, 'Koss-Senger', '6725 Rylan Lake', 'Deontaetown', 'Switzerland', '2018-09-07 16:16:31', 'Yes', 12630, 'MasterCard', 98, 84, '2015-09-28 15:25:30', '2015-05-30 04:22:05');
INSERT INTO `hotels` (`id`, `hotel_name`, `street_hotel`, `city_hotel`, `country_hotel`, `year_of_construction`, `prepayment`, `price`, `type_card`, `rating`, `media_id`, `created_at`, `updated_at`) VALUES (85, 'DuBuque Ltd', '740 Sauer Meadows Apt. 581', 'North Diamondbury', 'Guinea', '1979-07-21 07:51:47', 'Yes', 34882, 'American Express', 616012442, 85, '2006-06-03 22:58:30', '1991-01-29 20:46:21');
INSERT INTO `hotels` (`id`, `hotel_name`, `street_hotel`, `city_hotel`, `country_hotel`, `year_of_construction`, `prepayment`, `price`, `type_card`, `rating`, `media_id`, `created_at`, `updated_at`) VALUES (86, 'Schuster PLC', '5960 Cummings Wall Suite 701', 'North Madisyn', 'Tunisia', '2006-01-28 00:21:18', 'Yes', 8931, 'American Express', 64, 86, '1994-10-08 14:12:11', '2012-09-16 22:33:26');
INSERT INTO `hotels` (`id`, `hotel_name`, `street_hotel`, `city_hotel`, `country_hotel`, `year_of_construction`, `prepayment`, `price`, `type_card`, `rating`, `media_id`, `created_at`, `updated_at`) VALUES (87, 'Huel-Koch', '8353 Miller Cape', 'Madieberg', 'United States of America', '2013-07-05 01:20:11', 'Yes', 15084, 'Visa', 0, 87, '2008-08-10 03:02:56', '1987-07-11 14:18:02');
INSERT INTO `hotels` (`id`, `hotel_name`, `street_hotel`, `city_hotel`, `country_hotel`, `year_of_construction`, `prepayment`, `price`, `type_card`, `rating`, `media_id`, `created_at`, `updated_at`) VALUES (88, 'Lakin Group', '329 Watsica Springs', 'North Elvera', 'Greenland', '2007-09-13 16:04:28', 'No', 33889, 'Discover Card', 48117129, 88, '1993-03-27 06:00:29', '2015-10-05 08:35:17');
INSERT INTO `hotels` (`id`, `hotel_name`, `street_hotel`, `city_hotel`, `country_hotel`, `year_of_construction`, `prepayment`, `price`, `type_card`, `rating`, `media_id`, `created_at`, `updated_at`) VALUES (89, 'Mann-Mueller', '7782 Aniyah Overpass Suite 140', 'Port Silasport', 'Cocos (Keeling) Islands', '1970-01-10 23:09:31', 'No', 20344, 'Visa', 9, 89, '1977-02-10 07:13:17', '1997-01-29 04:14:11');
INSERT INTO `hotels` (`id`, `hotel_name`, `street_hotel`, `city_hotel`, `country_hotel`, `year_of_construction`, `prepayment`, `price`, `type_card`, `rating`, `media_id`, `created_at`, `updated_at`) VALUES (90, 'Christiansen, Legros and Leffler', '263 Elyssa Pike', 'Champlinberg', 'Tokelau', '2009-11-30 06:21:17', 'Yes', 18614, 'MasterCard', 55768595, 90, '1982-07-18 04:59:07', '2009-01-02 05:15:37');
INSERT INTO `hotels` (`id`, `hotel_name`, `street_hotel`, `city_hotel`, `country_hotel`, `year_of_construction`, `prepayment`, `price`, `type_card`, `rating`, `media_id`, `created_at`, `updated_at`) VALUES (91, 'Rice PLC', '99774 Shane Rest Apt. 783', 'West Karlie', 'Cote d\'Ivoire', '1992-01-31 22:36:48', 'No', 29177, 'Discover Card', 0, 91, '1984-03-04 03:10:41', '2001-10-05 23:25:15');
INSERT INTO `hotels` (`id`, `hotel_name`, `street_hotel`, `city_hotel`, `country_hotel`, `year_of_construction`, `prepayment`, `price`, `type_card`, `rating`, `media_id`, `created_at`, `updated_at`) VALUES (92, 'Cole, Kassulke and Hermann', '4066 Archibald Parks Suite 753', 'Agustinahaven', 'Costa Rica', '1979-01-09 21:16:23', 'No', 10458, 'American Express', 797947, 92, '1974-05-23 15:02:51', '2006-06-09 16:14:56');
INSERT INTO `hotels` (`id`, `hotel_name`, `street_hotel`, `city_hotel`, `country_hotel`, `year_of_construction`, `prepayment`, `price`, `type_card`, `rating`, `media_id`, `created_at`, `updated_at`) VALUES (93, 'Monahan, Jones and Collier', '30999 Cathrine Well', 'Lake Rosina', 'Suriname', '1977-03-14 06:51:01', 'No', 31760, 'Visa', 38713635, 93, '1977-10-17 20:54:12', '1981-02-09 09:21:01');
INSERT INTO `hotels` (`id`, `hotel_name`, `street_hotel`, `city_hotel`, `country_hotel`, `year_of_construction`, `prepayment`, `price`, `type_card`, `rating`, `media_id`, `created_at`, `updated_at`) VALUES (94, 'Collier, Bogisich and Kuvalis', '676 Mayer Drive Apt. 730', 'Port Aida', 'Italy', '1974-11-14 03:11:57', 'No', 9525, 'Visa', 0, 94, '1993-07-07 23:34:19', '1973-08-27 05:18:19');
INSERT INTO `hotels` (`id`, `hotel_name`, `street_hotel`, `city_hotel`, `country_hotel`, `year_of_construction`, `prepayment`, `price`, `type_card`, `rating`, `media_id`, `created_at`, `updated_at`) VALUES (95, 'Rutherford PLC', '378 Bo Lane', 'North Claudiastad', 'Netherlands', '1999-05-10 07:53:58', 'Yes', 14933, 'MasterCard', 490896, 95, '1997-12-18 11:47:25', '1977-10-19 02:12:18');
INSERT INTO `hotels` (`id`, `hotel_name`, `street_hotel`, `city_hotel`, `country_hotel`, `year_of_construction`, `prepayment`, `price`, `type_card`, `rating`, `media_id`, `created_at`, `updated_at`) VALUES (96, 'Cummerata-Douglas', '27082 Bernadine Well', 'Port Dawson', 'Bahamas', '1995-04-20 16:03:17', 'Yes', 36859, 'Visa', 0, 96, '1986-08-14 01:13:30', '1975-09-09 06:27:05');
INSERT INTO `hotels` (`id`, `hotel_name`, `street_hotel`, `city_hotel`, `country_hotel`, `year_of_construction`, `prepayment`, `price`, `type_card`, `rating`, `media_id`, `created_at`, `updated_at`) VALUES (97, 'Jacobs LLC', '0566 Juliana Tunnel', 'New Keelybury', 'Western Sahara', '1996-07-03 02:46:16', 'No', 36067, 'Visa', 8241, 97, '2005-04-04 01:29:03', '1986-05-10 20:52:31');
INSERT INTO `hotels` (`id`, `hotel_name`, `street_hotel`, `city_hotel`, `country_hotel`, `year_of_construction`, `prepayment`, `price`, `type_card`, `rating`, `media_id`, `created_at`, `updated_at`) VALUES (98, 'Kovacek, Watsica and Bashirian', '15330 Durward Pine Apt. 591', 'Langstad', 'Mexico', '2009-11-26 22:55:13', 'No', 21683, 'MasterCard', 86900515, 98, '2009-02-19 17:54:10', '2016-02-14 23:47:16');
INSERT INTO `hotels` (`id`, `hotel_name`, `street_hotel`, `city_hotel`, `country_hotel`, `year_of_construction`, `prepayment`, `price`, `type_card`, `rating`, `media_id`, `created_at`, `updated_at`) VALUES (99, 'Funk, Harris and Torp', '1995 Ebert Shoals Apt. 618', 'Hesselchester', 'Isle of Man', '1993-03-17 06:01:30', 'Yes', 28507, 'Visa', 83, 99, '1972-07-26 00:52:06', '1977-09-08 15:09:07');
INSERT INTO `hotels` (`id`, `hotel_name`, `street_hotel`, `city_hotel`, `country_hotel`, `year_of_construction`, `prepayment`, `price`, `type_card`, `rating`, `media_id`, `created_at`, `updated_at`) VALUES (100, 'Roob, Rowe and Bechtelar', '7518 Ronaldo Streets Suite 403', 'Queenieside', 'Gambia', '2011-05-03 23:53:41', 'No', 18783, 'Visa', 708639, 100, '2008-09-15 03:39:56', '1985-06-12 01:58:48');



DROP TABLE IF EXISTS `hotels_included`;

CREATE TABLE hotels_included (
   hotel_id int NOT null primary key,
   wifi BOOLEAN,
   animal_id BOOLEAN,
   age_limit BOOLEAN,
   safe BOOLEAN,
   patio BOOLEAN,
   conditioner BOOLEAN,
   parking_lot BOOLEAN,
   kid_bedroom BOOLEAN,
   family_room BOOLEAN,
   cafe BOOLEAN,
   nature BOOLEAN,
   beach BOOLEAN,
   public_transport BOOLEAN,
   airport_near BOOLEAN,
   CONSTRAINT hotel_id_fk 
   foreign key (hotel_id) references hotels(id)
);

INSERT INTO `hotels_included` (`hotel_id`, `wifi`, `animal_id`, `age_limit`, `safe`, `patio`, `conditioner`, `parking_lot`, `kid_bedroom`, `family_room`, `cafe`, `nature`, `beach`, `public_transport`, `airport_near`) VALUES (1, 1, 0, 1, 1, 1, 0, 1, 0, 1, 1, 0, 0, 0, 0);
INSERT INTO `hotels_included` (`hotel_id`, `wifi`, `animal_id`, `age_limit`, `safe`, `patio`, `conditioner`, `parking_lot`, `kid_bedroom`, `family_room`, `cafe`, `nature`, `beach`, `public_transport`, `airport_near`) VALUES (2, 0, 1, 1, 0, 1, 0, 1, 1, 0, 0, 0, 1, 1, 1);
INSERT INTO `hotels_included` (`hotel_id`, `wifi`, `animal_id`, `age_limit`, `safe`, `patio`, `conditioner`, `parking_lot`, `kid_bedroom`, `family_room`, `cafe`, `nature`, `beach`, `public_transport`, `airport_near`) VALUES (3, 1, 0, 0, 1, 1, 1, 0, 1, 1, 1, 1, 0, 1, 0);
INSERT INTO `hotels_included` (`hotel_id`, `wifi`, `animal_id`, `age_limit`, `safe`, `patio`, `conditioner`, `parking_lot`, `kid_bedroom`, `family_room`, `cafe`, `nature`, `beach`, `public_transport`, `airport_near`) VALUES (4, 1, 0, 0, 1, 1, 0, 1, 0, 0, 1, 1, 1, 1, 0);
INSERT INTO `hotels_included` (`hotel_id`, `wifi`, `animal_id`, `age_limit`, `safe`, `patio`, `conditioner`, `parking_lot`, `kid_bedroom`, `family_room`, `cafe`, `nature`, `beach`, `public_transport`, `airport_near`) VALUES (5, 1, 1, 0, 0, 0, 1, 1, 0, 0, 0, 1, 1, 1, 0);
INSERT INTO `hotels_included` (`hotel_id`, `wifi`, `animal_id`, `age_limit`, `safe`, `patio`, `conditioner`, `parking_lot`, `kid_bedroom`, `family_room`, `cafe`, `nature`, `beach`, `public_transport`, `airport_near`) VALUES (6, 0, 0, 0, 1, 0, 0, 0, 0, 0, 1, 1, 1, 1, 0);
INSERT INTO `hotels_included` (`hotel_id`, `wifi`, `animal_id`, `age_limit`, `safe`, `patio`, `conditioner`, `parking_lot`, `kid_bedroom`, `family_room`, `cafe`, `nature`, `beach`, `public_transport`, `airport_near`) VALUES (7, 0, 0, 1, 1, 0, 1, 1, 1, 1, 0, 1, 0, 0, 0);
INSERT INTO `hotels_included` (`hotel_id`, `wifi`, `animal_id`, `age_limit`, `safe`, `patio`, `conditioner`, `parking_lot`, `kid_bedroom`, `family_room`, `cafe`, `nature`, `beach`, `public_transport`, `airport_near`) VALUES (8, 1, 1, 0, 0, 1, 1, 0, 0, 0, 1, 1, 1, 1, 0);
INSERT INTO `hotels_included` (`hotel_id`, `wifi`, `animal_id`, `age_limit`, `safe`, `patio`, `conditioner`, `parking_lot`, `kid_bedroom`, `family_room`, `cafe`, `nature`, `beach`, `public_transport`, `airport_near`) VALUES (9, 1, 0, 0, 1, 1, 0, 1, 0, 0, 0, 1, 1, 0, 0);
INSERT INTO `hotels_included` (`hotel_id`, `wifi`, `animal_id`, `age_limit`, `safe`, `patio`, `conditioner`, `parking_lot`, `kid_bedroom`, `family_room`, `cafe`, `nature`, `beach`, `public_transport`, `airport_near`) VALUES (10, 0, 0, 1, 1, 1, 1, 0, 1, 1, 1, 0, 0, 1, 1);
INSERT INTO `hotels_included` (`hotel_id`, `wifi`, `animal_id`, `age_limit`, `safe`, `patio`, `conditioner`, `parking_lot`, `kid_bedroom`, `family_room`, `cafe`, `nature`, `beach`, `public_transport`, `airport_near`) VALUES (11, 0, 1, 0, 1, 1, 1, 1, 0, 1, 0, 1, 1, 0, 1);
INSERT INTO `hotels_included` (`hotel_id`, `wifi`, `animal_id`, `age_limit`, `safe`, `patio`, `conditioner`, `parking_lot`, `kid_bedroom`, `family_room`, `cafe`, `nature`, `beach`, `public_transport`, `airport_near`) VALUES (12, 0, 1, 1, 0, 1, 1, 0, 1, 1, 1, 1, 0, 0, 1);
INSERT INTO `hotels_included` (`hotel_id`, `wifi`, `animal_id`, `age_limit`, `safe`, `patio`, `conditioner`, `parking_lot`, `kid_bedroom`, `family_room`, `cafe`, `nature`, `beach`, `public_transport`, `airport_near`) VALUES (13, 1, 1, 0, 0, 1, 0, 1, 0, 0, 1, 1, 0, 1, 0);
INSERT INTO `hotels_included` (`hotel_id`, `wifi`, `animal_id`, `age_limit`, `safe`, `patio`, `conditioner`, `parking_lot`, `kid_bedroom`, `family_room`, `cafe`, `nature`, `beach`, `public_transport`, `airport_near`) VALUES (14, 0, 1, 1, 1, 0, 0, 0, 0, 0, 1, 1, 0, 1, 1);
INSERT INTO `hotels_included` (`hotel_id`, `wifi`, `animal_id`, `age_limit`, `safe`, `patio`, `conditioner`, `parking_lot`, `kid_bedroom`, `family_room`, `cafe`, `nature`, `beach`, `public_transport`, `airport_near`) VALUES (15, 1, 1, 1, 1, 0, 0, 0, 1, 0, 0, 1, 0, 1, 0);
INSERT INTO `hotels_included` (`hotel_id`, `wifi`, `animal_id`, `age_limit`, `safe`, `patio`, `conditioner`, `parking_lot`, `kid_bedroom`, `family_room`, `cafe`, `nature`, `beach`, `public_transport`, `airport_near`) VALUES (16, 0, 1, 0, 0, 0, 1, 1, 1, 0, 1, 1, 1, 1, 1);
INSERT INTO `hotels_included` (`hotel_id`, `wifi`, `animal_id`, `age_limit`, `safe`, `patio`, `conditioner`, `parking_lot`, `kid_bedroom`, `family_room`, `cafe`, `nature`, `beach`, `public_transport`, `airport_near`) VALUES (17, 1, 0, 0, 0, 1, 1, 1, 0, 1, 0, 1, 0, 1, 0);
INSERT INTO `hotels_included` (`hotel_id`, `wifi`, `animal_id`, `age_limit`, `safe`, `patio`, `conditioner`, `parking_lot`, `kid_bedroom`, `family_room`, `cafe`, `nature`, `beach`, `public_transport`, `airport_near`) VALUES (18, 1, 1, 1, 0, 1, 0, 0, 1, 0, 0, 1, 0, 1, 0);
INSERT INTO `hotels_included` (`hotel_id`, `wifi`, `animal_id`, `age_limit`, `safe`, `patio`, `conditioner`, `parking_lot`, `kid_bedroom`, `family_room`, `cafe`, `nature`, `beach`, `public_transport`, `airport_near`) VALUES (19, 0, 1, 1, 1, 0, 0, 1, 1, 1, 1, 1, 0, 0, 0);
INSERT INTO `hotels_included` (`hotel_id`, `wifi`, `animal_id`, `age_limit`, `safe`, `patio`, `conditioner`, `parking_lot`, `kid_bedroom`, `family_room`, `cafe`, `nature`, `beach`, `public_transport`, `airport_near`) VALUES (20, 0, 1, 1, 1, 1, 1, 1, 0, 0, 0, 1, 1, 1, 0);
INSERT INTO `hotels_included` (`hotel_id`, `wifi`, `animal_id`, `age_limit`, `safe`, `patio`, `conditioner`, `parking_lot`, `kid_bedroom`, `family_room`, `cafe`, `nature`, `beach`, `public_transport`, `airport_near`) VALUES (21, 1, 0, 0, 0, 1, 1, 0, 1, 0, 0, 0, 1, 0, 0);
INSERT INTO `hotels_included` (`hotel_id`, `wifi`, `animal_id`, `age_limit`, `safe`, `patio`, `conditioner`, `parking_lot`, `kid_bedroom`, `family_room`, `cafe`, `nature`, `beach`, `public_transport`, `airport_near`) VALUES (22, 1, 1, 0, 0, 1, 0, 0, 0, 0, 0, 1, 0, 0, 1);
INSERT INTO `hotels_included` (`hotel_id`, `wifi`, `animal_id`, `age_limit`, `safe`, `patio`, `conditioner`, `parking_lot`, `kid_bedroom`, `family_room`, `cafe`, `nature`, `beach`, `public_transport`, `airport_near`) VALUES (23, 0, 0, 0, 1, 0, 1, 1, 1, 0, 0, 1, 0, 1, 0);
INSERT INTO `hotels_included` (`hotel_id`, `wifi`, `animal_id`, `age_limit`, `safe`, `patio`, `conditioner`, `parking_lot`, `kid_bedroom`, `family_room`, `cafe`, `nature`, `beach`, `public_transport`, `airport_near`) VALUES (24, 0, 0, 0, 0, 0, 0, 1, 0, 1, 1, 0, 1, 1, 1);
INSERT INTO `hotels_included` (`hotel_id`, `wifi`, `animal_id`, `age_limit`, `safe`, `patio`, `conditioner`, `parking_lot`, `kid_bedroom`, `family_room`, `cafe`, `nature`, `beach`, `public_transport`, `airport_near`) VALUES (25, 1, 0, 0, 1, 1, 1, 0, 0, 0, 1, 0, 1, 0, 0);
INSERT INTO `hotels_included` (`hotel_id`, `wifi`, `animal_id`, `age_limit`, `safe`, `patio`, `conditioner`, `parking_lot`, `kid_bedroom`, `family_room`, `cafe`, `nature`, `beach`, `public_transport`, `airport_near`) VALUES (26, 0, 1, 1, 1, 0, 0, 1, 1, 1, 1, 0, 1, 1, 0);
INSERT INTO `hotels_included` (`hotel_id`, `wifi`, `animal_id`, `age_limit`, `safe`, `patio`, `conditioner`, `parking_lot`, `kid_bedroom`, `family_room`, `cafe`, `nature`, `beach`, `public_transport`, `airport_near`) VALUES (27, 0, 0, 0, 1, 0, 1, 1, 0, 1, 0, 0, 0, 0, 0);
INSERT INTO `hotels_included` (`hotel_id`, `wifi`, `animal_id`, `age_limit`, `safe`, `patio`, `conditioner`, `parking_lot`, `kid_bedroom`, `family_room`, `cafe`, `nature`, `beach`, `public_transport`, `airport_near`) VALUES (28, 1, 0, 0, 0, 0, 1, 1, 1, 1, 1, 0, 0, 0, 0);
INSERT INTO `hotels_included` (`hotel_id`, `wifi`, `animal_id`, `age_limit`, `safe`, `patio`, `conditioner`, `parking_lot`, `kid_bedroom`, `family_room`, `cafe`, `nature`, `beach`, `public_transport`, `airport_near`) VALUES (29, 1, 1, 1, 0, 1, 0, 1, 1, 1, 1, 0, 0, 1, 0);
INSERT INTO `hotels_included` (`hotel_id`, `wifi`, `animal_id`, `age_limit`, `safe`, `patio`, `conditioner`, `parking_lot`, `kid_bedroom`, `family_room`, `cafe`, `nature`, `beach`, `public_transport`, `airport_near`) VALUES (30, 1, 1, 0, 1, 1, 0, 1, 1, 0, 0, 0, 1, 1, 1);
INSERT INTO `hotels_included` (`hotel_id`, `wifi`, `animal_id`, `age_limit`, `safe`, `patio`, `conditioner`, `parking_lot`, `kid_bedroom`, `family_room`, `cafe`, `nature`, `beach`, `public_transport`, `airport_near`) VALUES (31, 1, 1, 0, 0, 1, 1, 0, 1, 0, 0, 1, 1, 1, 1);
INSERT INTO `hotels_included` (`hotel_id`, `wifi`, `animal_id`, `age_limit`, `safe`, `patio`, `conditioner`, `parking_lot`, `kid_bedroom`, `family_room`, `cafe`, `nature`, `beach`, `public_transport`, `airport_near`) VALUES (32, 0, 0, 1, 1, 0, 1, 1, 1, 0, 1, 0, 0, 1, 0);
INSERT INTO `hotels_included` (`hotel_id`, `wifi`, `animal_id`, `age_limit`, `safe`, `patio`, `conditioner`, `parking_lot`, `kid_bedroom`, `family_room`, `cafe`, `nature`, `beach`, `public_transport`, `airport_near`) VALUES (33, 0, 0, 0, 1, 1, 0, 0, 0, 1, 1, 1, 1, 0, 0);
INSERT INTO `hotels_included` (`hotel_id`, `wifi`, `animal_id`, `age_limit`, `safe`, `patio`, `conditioner`, `parking_lot`, `kid_bedroom`, `family_room`, `cafe`, `nature`, `beach`, `public_transport`, `airport_near`) VALUES (34, 1, 1, 1, 0, 0, 0, 0, 1, 1, 0, 1, 0, 0, 1);
INSERT INTO `hotels_included` (`hotel_id`, `wifi`, `animal_id`, `age_limit`, `safe`, `patio`, `conditioner`, `parking_lot`, `kid_bedroom`, `family_room`, `cafe`, `nature`, `beach`, `public_transport`, `airport_near`) VALUES (35, 0, 0, 1, 1, 1, 0, 1, 1, 0, 0, 1, 1, 0, 0);
INSERT INTO `hotels_included` (`hotel_id`, `wifi`, `animal_id`, `age_limit`, `safe`, `patio`, `conditioner`, `parking_lot`, `kid_bedroom`, `family_room`, `cafe`, `nature`, `beach`, `public_transport`, `airport_near`) VALUES (36, 1, 1, 0, 0, 0, 0, 1, 0, 0, 1, 0, 0, 1, 1);
INSERT INTO `hotels_included` (`hotel_id`, `wifi`, `animal_id`, `age_limit`, `safe`, `patio`, `conditioner`, `parking_lot`, `kid_bedroom`, `family_room`, `cafe`, `nature`, `beach`, `public_transport`, `airport_near`) VALUES (37, 0, 0, 1, 0, 0, 0, 1, 0, 0, 1, 0, 1, 1, 1);
INSERT INTO `hotels_included` (`hotel_id`, `wifi`, `animal_id`, `age_limit`, `safe`, `patio`, `conditioner`, `parking_lot`, `kid_bedroom`, `family_room`, `cafe`, `nature`, `beach`, `public_transport`, `airport_near`) VALUES (38, 1, 1, 0, 1, 0, 0, 0, 0, 0, 0, 1, 1, 0, 1);
INSERT INTO `hotels_included` (`hotel_id`, `wifi`, `animal_id`, `age_limit`, `safe`, `patio`, `conditioner`, `parking_lot`, `kid_bedroom`, `family_room`, `cafe`, `nature`, `beach`, `public_transport`, `airport_near`) VALUES (39, 1, 0, 0, 1, 1, 0, 1, 1, 0, 1, 1, 0, 0, 1);
INSERT INTO `hotels_included` (`hotel_id`, `wifi`, `animal_id`, `age_limit`, `safe`, `patio`, `conditioner`, `parking_lot`, `kid_bedroom`, `family_room`, `cafe`, `nature`, `beach`, `public_transport`, `airport_near`) VALUES (40, 1, 0, 0, 1, 0, 1, 1, 0, 1, 0, 0, 0, 1, 1);
INSERT INTO `hotels_included` (`hotel_id`, `wifi`, `animal_id`, `age_limit`, `safe`, `patio`, `conditioner`, `parking_lot`, `kid_bedroom`, `family_room`, `cafe`, `nature`, `beach`, `public_transport`, `airport_near`) VALUES (41, 1, 0, 0, 1, 0, 0, 1, 1, 1, 0, 0, 1, 1, 0);
INSERT INTO `hotels_included` (`hotel_id`, `wifi`, `animal_id`, `age_limit`, `safe`, `patio`, `conditioner`, `parking_lot`, `kid_bedroom`, `family_room`, `cafe`, `nature`, `beach`, `public_transport`, `airport_near`) VALUES (42, 1, 0, 0, 1, 1, 1, 0, 1, 0, 1, 0, 0, 0, 0);
INSERT INTO `hotels_included` (`hotel_id`, `wifi`, `animal_id`, `age_limit`, `safe`, `patio`, `conditioner`, `parking_lot`, `kid_bedroom`, `family_room`, `cafe`, `nature`, `beach`, `public_transport`, `airport_near`) VALUES (43, 1, 1, 1, 0, 1, 0, 0, 0, 1, 1, 0, 1, 1, 1);
INSERT INTO `hotels_included` (`hotel_id`, `wifi`, `animal_id`, `age_limit`, `safe`, `patio`, `conditioner`, `parking_lot`, `kid_bedroom`, `family_room`, `cafe`, `nature`, `beach`, `public_transport`, `airport_near`) VALUES (44, 0, 0, 1, 0, 0, 1, 1, 1, 1, 1, 1, 1, 0, 0);
INSERT INTO `hotels_included` (`hotel_id`, `wifi`, `animal_id`, `age_limit`, `safe`, `patio`, `conditioner`, `parking_lot`, `kid_bedroom`, `family_room`, `cafe`, `nature`, `beach`, `public_transport`, `airport_near`) VALUES (45, 0, 0, 0, 0, 1, 0, 0, 0, 1, 1, 0, 1, 1, 0);
INSERT INTO `hotels_included` (`hotel_id`, `wifi`, `animal_id`, `age_limit`, `safe`, `patio`, `conditioner`, `parking_lot`, `kid_bedroom`, `family_room`, `cafe`, `nature`, `beach`, `public_transport`, `airport_near`) VALUES (46, 0, 0, 1, 0, 0, 0, 0, 0, 0, 1, 0, 0, 1, 1);
INSERT INTO `hotels_included` (`hotel_id`, `wifi`, `animal_id`, `age_limit`, `safe`, `patio`, `conditioner`, `parking_lot`, `kid_bedroom`, `family_room`, `cafe`, `nature`, `beach`, `public_transport`, `airport_near`) VALUES (47, 1, 1, 1, 0, 1, 1, 0, 1, 1, 1, 1, 0, 0, 0);
INSERT INTO `hotels_included` (`hotel_id`, `wifi`, `animal_id`, `age_limit`, `safe`, `patio`, `conditioner`, `parking_lot`, `kid_bedroom`, `family_room`, `cafe`, `nature`, `beach`, `public_transport`, `airport_near`) VALUES (48, 1, 0, 1, 1, 0, 1, 0, 0, 1, 1, 1, 1, 1, 1);
INSERT INTO `hotels_included` (`hotel_id`, `wifi`, `animal_id`, `age_limit`, `safe`, `patio`, `conditioner`, `parking_lot`, `kid_bedroom`, `family_room`, `cafe`, `nature`, `beach`, `public_transport`, `airport_near`) VALUES (49, 1, 1, 0, 0, 1, 0, 1, 0, 0, 1, 1, 0, 0, 1);
INSERT INTO `hotels_included` (`hotel_id`, `wifi`, `animal_id`, `age_limit`, `safe`, `patio`, `conditioner`, `parking_lot`, `kid_bedroom`, `family_room`, `cafe`, `nature`, `beach`, `public_transport`, `airport_near`) VALUES (50, 0, 0, 1, 1, 0, 0, 1, 0, 0, 0, 1, 0, 1, 1);
INSERT INTO `hotels_included` (`hotel_id`, `wifi`, `animal_id`, `age_limit`, `safe`, `patio`, `conditioner`, `parking_lot`, `kid_bedroom`, `family_room`, `cafe`, `nature`, `beach`, `public_transport`, `airport_near`) VALUES (51, 1, 1, 0, 1, 1, 0, 0, 0, 1, 0, 0, 0, 0, 0);
INSERT INTO `hotels_included` (`hotel_id`, `wifi`, `animal_id`, `age_limit`, `safe`, `patio`, `conditioner`, `parking_lot`, `kid_bedroom`, `family_room`, `cafe`, `nature`, `beach`, `public_transport`, `airport_near`) VALUES (52, 1, 1, 1, 0, 1, 0, 1, 1, 1, 0, 0, 0, 1, 1);
INSERT INTO `hotels_included` (`hotel_id`, `wifi`, `animal_id`, `age_limit`, `safe`, `patio`, `conditioner`, `parking_lot`, `kid_bedroom`, `family_room`, `cafe`, `nature`, `beach`, `public_transport`, `airport_near`) VALUES (53, 1, 0, 1, 1, 0, 1, 1, 1, 0, 0, 0, 1, 0, 1);
INSERT INTO `hotels_included` (`hotel_id`, `wifi`, `animal_id`, `age_limit`, `safe`, `patio`, `conditioner`, `parking_lot`, `kid_bedroom`, `family_room`, `cafe`, `nature`, `beach`, `public_transport`, `airport_near`) VALUES (54, 1, 0, 1, 1, 0, 1, 0, 0, 1, 0, 0, 0, 1, 0);
INSERT INTO `hotels_included` (`hotel_id`, `wifi`, `animal_id`, `age_limit`, `safe`, `patio`, `conditioner`, `parking_lot`, `kid_bedroom`, `family_room`, `cafe`, `nature`, `beach`, `public_transport`, `airport_near`) VALUES (55, 0, 0, 0, 0, 1, 1, 1, 1, 0, 0, 1, 1, 0, 1);
INSERT INTO `hotels_included` (`hotel_id`, `wifi`, `animal_id`, `age_limit`, `safe`, `patio`, `conditioner`, `parking_lot`, `kid_bedroom`, `family_room`, `cafe`, `nature`, `beach`, `public_transport`, `airport_near`) VALUES (56, 0, 0, 0, 0, 1, 1, 1, 1, 0, 0, 0, 1, 1, 1);
INSERT INTO `hotels_included` (`hotel_id`, `wifi`, `animal_id`, `age_limit`, `safe`, `patio`, `conditioner`, `parking_lot`, `kid_bedroom`, `family_room`, `cafe`, `nature`, `beach`, `public_transport`, `airport_near`) VALUES (57, 0, 1, 0, 0, 1, 1, 1, 1, 1, 0, 0, 1, 1, 1);
INSERT INTO `hotels_included` (`hotel_id`, `wifi`, `animal_id`, `age_limit`, `safe`, `patio`, `conditioner`, `parking_lot`, `kid_bedroom`, `family_room`, `cafe`, `nature`, `beach`, `public_transport`, `airport_near`) VALUES (58, 1, 0, 0, 0, 1, 1, 0, 0, 0, 0, 0, 1, 1, 0);
INSERT INTO `hotels_included` (`hotel_id`, `wifi`, `animal_id`, `age_limit`, `safe`, `patio`, `conditioner`, `parking_lot`, `kid_bedroom`, `family_room`, `cafe`, `nature`, `beach`, `public_transport`, `airport_near`) VALUES (59, 1, 0, 1, 0, 1, 0, 1, 1, 1, 1, 1, 0, 0, 0);
INSERT INTO `hotels_included` (`hotel_id`, `wifi`, `animal_id`, `age_limit`, `safe`, `patio`, `conditioner`, `parking_lot`, `kid_bedroom`, `family_room`, `cafe`, `nature`, `beach`, `public_transport`, `airport_near`) VALUES (60, 1, 1, 1, 1, 0, 1, 0, 1, 0, 0, 0, 1, 0, 0);
INSERT INTO `hotels_included` (`hotel_id`, `wifi`, `animal_id`, `age_limit`, `safe`, `patio`, `conditioner`, `parking_lot`, `kid_bedroom`, `family_room`, `cafe`, `nature`, `beach`, `public_transport`, `airport_near`) VALUES (61, 1, 1, 1, 0, 0, 1, 1, 0, 0, 0, 0, 1, 1, 0);
INSERT INTO `hotels_included` (`hotel_id`, `wifi`, `animal_id`, `age_limit`, `safe`, `patio`, `conditioner`, `parking_lot`, `kid_bedroom`, `family_room`, `cafe`, `nature`, `beach`, `public_transport`, `airport_near`) VALUES (62, 0, 1, 1, 1, 1, 1, 0, 1, 0, 1, 0, 0, 0, 0);
INSERT INTO `hotels_included` (`hotel_id`, `wifi`, `animal_id`, `age_limit`, `safe`, `patio`, `conditioner`, `parking_lot`, `kid_bedroom`, `family_room`, `cafe`, `nature`, `beach`, `public_transport`, `airport_near`) VALUES (63, 0, 0, 1, 1, 0, 1, 1, 1, 0, 0, 1, 1, 1, 1);
INSERT INTO `hotels_included` (`hotel_id`, `wifi`, `animal_id`, `age_limit`, `safe`, `patio`, `conditioner`, `parking_lot`, `kid_bedroom`, `family_room`, `cafe`, `nature`, `beach`, `public_transport`, `airport_near`) VALUES (64, 1, 1, 1, 1, 0, 1, 1, 0, 0, 0, 0, 1, 1, 0);
INSERT INTO `hotels_included` (`hotel_id`, `wifi`, `animal_id`, `age_limit`, `safe`, `patio`, `conditioner`, `parking_lot`, `kid_bedroom`, `family_room`, `cafe`, `nature`, `beach`, `public_transport`, `airport_near`) VALUES (65, 0, 1, 0, 1, 1, 0, 0, 0, 0, 1, 0, 1, 0, 0);
INSERT INTO `hotels_included` (`hotel_id`, `wifi`, `animal_id`, `age_limit`, `safe`, `patio`, `conditioner`, `parking_lot`, `kid_bedroom`, `family_room`, `cafe`, `nature`, `beach`, `public_transport`, `airport_near`) VALUES (66, 1, 1, 1, 0, 1, 1, 1, 0, 1, 1, 1, 0, 0, 0);
INSERT INTO `hotels_included` (`hotel_id`, `wifi`, `animal_id`, `age_limit`, `safe`, `patio`, `conditioner`, `parking_lot`, `kid_bedroom`, `family_room`, `cafe`, `nature`, `beach`, `public_transport`, `airport_near`) VALUES (67, 0, 0, 1, 1, 0, 0, 1, 1, 0, 0, 1, 1, 1, 0);
INSERT INTO `hotels_included` (`hotel_id`, `wifi`, `animal_id`, `age_limit`, `safe`, `patio`, `conditioner`, `parking_lot`, `kid_bedroom`, `family_room`, `cafe`, `nature`, `beach`, `public_transport`, `airport_near`) VALUES (68, 1, 1, 1, 1, 0, 1, 0, 1, 0, 1, 0, 1, 1, 1);
INSERT INTO `hotels_included` (`hotel_id`, `wifi`, `animal_id`, `age_limit`, `safe`, `patio`, `conditioner`, `parking_lot`, `kid_bedroom`, `family_room`, `cafe`, `nature`, `beach`, `public_transport`, `airport_near`) VALUES (69, 0, 1, 0, 1, 0, 0, 0, 1, 1, 1, 1, 0, 1, 0);
INSERT INTO `hotels_included` (`hotel_id`, `wifi`, `animal_id`, `age_limit`, `safe`, `patio`, `conditioner`, `parking_lot`, `kid_bedroom`, `family_room`, `cafe`, `nature`, `beach`, `public_transport`, `airport_near`) VALUES (70, 1, 1, 1, 1, 0, 0, 1, 0, 1, 0, 1, 1, 0, 1);
INSERT INTO `hotels_included` (`hotel_id`, `wifi`, `animal_id`, `age_limit`, `safe`, `patio`, `conditioner`, `parking_lot`, `kid_bedroom`, `family_room`, `cafe`, `nature`, `beach`, `public_transport`, `airport_near`) VALUES (71, 0, 1, 0, 0, 0, 1, 1, 1, 0, 0, 0, 1, 0, 0);
INSERT INTO `hotels_included` (`hotel_id`, `wifi`, `animal_id`, `age_limit`, `safe`, `patio`, `conditioner`, `parking_lot`, `kid_bedroom`, `family_room`, `cafe`, `nature`, `beach`, `public_transport`, `airport_near`) VALUES (72, 1, 1, 1, 0, 1, 0, 0, 1, 0, 1, 1, 1, 1, 1);
INSERT INTO `hotels_included` (`hotel_id`, `wifi`, `animal_id`, `age_limit`, `safe`, `patio`, `conditioner`, `parking_lot`, `kid_bedroom`, `family_room`, `cafe`, `nature`, `beach`, `public_transport`, `airport_near`) VALUES (73, 0, 1, 1, 0, 0, 1, 0, 1, 0, 0, 0, 0, 0, 0);
INSERT INTO `hotels_included` (`hotel_id`, `wifi`, `animal_id`, `age_limit`, `safe`, `patio`, `conditioner`, `parking_lot`, `kid_bedroom`, `family_room`, `cafe`, `nature`, `beach`, `public_transport`, `airport_near`) VALUES (74, 0, 0, 1, 0, 1, 1, 1, 1, 0, 1, 1, 1, 1, 1);
INSERT INTO `hotels_included` (`hotel_id`, `wifi`, `animal_id`, `age_limit`, `safe`, `patio`, `conditioner`, `parking_lot`, `kid_bedroom`, `family_room`, `cafe`, `nature`, `beach`, `public_transport`, `airport_near`) VALUES (75, 0, 0, 0, 1, 0, 1, 0, 1, 1, 1, 0, 0, 1, 1);
INSERT INTO `hotels_included` (`hotel_id`, `wifi`, `animal_id`, `age_limit`, `safe`, `patio`, `conditioner`, `parking_lot`, `kid_bedroom`, `family_room`, `cafe`, `nature`, `beach`, `public_transport`, `airport_near`) VALUES (76, 1, 1, 1, 0, 0, 1, 1, 1, 0, 1, 1, 0, 0, 0);
INSERT INTO `hotels_included` (`hotel_id`, `wifi`, `animal_id`, `age_limit`, `safe`, `patio`, `conditioner`, `parking_lot`, `kid_bedroom`, `family_room`, `cafe`, `nature`, `beach`, `public_transport`, `airport_near`) VALUES (77, 0, 1, 1, 1, 0, 0, 0, 1, 0, 1, 1, 1, 0, 1);
INSERT INTO `hotels_included` (`hotel_id`, `wifi`, `animal_id`, `age_limit`, `safe`, `patio`, `conditioner`, `parking_lot`, `kid_bedroom`, `family_room`, `cafe`, `nature`, `beach`, `public_transport`, `airport_near`) VALUES (78, 1, 0, 0, 0, 1, 0, 0, 0, 1, 1, 1, 0, 1, 0);
INSERT INTO `hotels_included` (`hotel_id`, `wifi`, `animal_id`, `age_limit`, `safe`, `patio`, `conditioner`, `parking_lot`, `kid_bedroom`, `family_room`, `cafe`, `nature`, `beach`, `public_transport`, `airport_near`) VALUES (79, 0, 1, 1, 1, 1, 1, 0, 0, 0, 1, 1, 1, 0, 0);
INSERT INTO `hotels_included` (`hotel_id`, `wifi`, `animal_id`, `age_limit`, `safe`, `patio`, `conditioner`, `parking_lot`, `kid_bedroom`, `family_room`, `cafe`, `nature`, `beach`, `public_transport`, `airport_near`) VALUES (80, 0, 0, 0, 1, 1, 1, 0, 0, 0, 0, 0, 1, 0, 0);
INSERT INTO `hotels_included` (`hotel_id`, `wifi`, `animal_id`, `age_limit`, `safe`, `patio`, `conditioner`, `parking_lot`, `kid_bedroom`, `family_room`, `cafe`, `nature`, `beach`, `public_transport`, `airport_near`) VALUES (81, 1, 1, 0, 0, 0, 0, 0, 0, 1, 0, 1, 1, 1, 0);
INSERT INTO `hotels_included` (`hotel_id`, `wifi`, `animal_id`, `age_limit`, `safe`, `patio`, `conditioner`, `parking_lot`, `kid_bedroom`, `family_room`, `cafe`, `nature`, `beach`, `public_transport`, `airport_near`) VALUES (82, 1, 0, 0, 0, 0, 1, 0, 0, 1, 0, 0, 0, 0, 1);
INSERT INTO `hotels_included` (`hotel_id`, `wifi`, `animal_id`, `age_limit`, `safe`, `patio`, `conditioner`, `parking_lot`, `kid_bedroom`, `family_room`, `cafe`, `nature`, `beach`, `public_transport`, `airport_near`) VALUES (83, 1, 1, 0, 0, 1, 0, 1, 0, 1, 1, 0, 1, 0, 0);
INSERT INTO `hotels_included` (`hotel_id`, `wifi`, `animal_id`, `age_limit`, `safe`, `patio`, `conditioner`, `parking_lot`, `kid_bedroom`, `family_room`, `cafe`, `nature`, `beach`, `public_transport`, `airport_near`) VALUES (84, 1, 0, 0, 0, 0, 0, 0, 1, 0, 0, 1, 1, 1, 1);
INSERT INTO `hotels_included` (`hotel_id`, `wifi`, `animal_id`, `age_limit`, `safe`, `patio`, `conditioner`, `parking_lot`, `kid_bedroom`, `family_room`, `cafe`, `nature`, `beach`, `public_transport`, `airport_near`) VALUES (85, 0, 1, 1, 1, 0, 1, 1, 1, 1, 1, 0, 0, 1, 1);
INSERT INTO `hotels_included` (`hotel_id`, `wifi`, `animal_id`, `age_limit`, `safe`, `patio`, `conditioner`, `parking_lot`, `kid_bedroom`, `family_room`, `cafe`, `nature`, `beach`, `public_transport`, `airport_near`) VALUES (86, 0, 1, 0, 0, 1, 1, 1, 1, 1, 0, 0, 0, 0, 1);
INSERT INTO `hotels_included` (`hotel_id`, `wifi`, `animal_id`, `age_limit`, `safe`, `patio`, `conditioner`, `parking_lot`, `kid_bedroom`, `family_room`, `cafe`, `nature`, `beach`, `public_transport`, `airport_near`) VALUES (87, 1, 1, 0, 1, 1, 1, 1, 1, 1, 1, 0, 1, 1, 1);
INSERT INTO `hotels_included` (`hotel_id`, `wifi`, `animal_id`, `age_limit`, `safe`, `patio`, `conditioner`, `parking_lot`, `kid_bedroom`, `family_room`, `cafe`, `nature`, `beach`, `public_transport`, `airport_near`) VALUES (88, 1, 0, 1, 1, 1, 0, 0, 1, 0, 0, 0, 0, 0, 1);
INSERT INTO `hotels_included` (`hotel_id`, `wifi`, `animal_id`, `age_limit`, `safe`, `patio`, `conditioner`, `parking_lot`, `kid_bedroom`, `family_room`, `cafe`, `nature`, `beach`, `public_transport`, `airport_near`) VALUES (89, 0, 0, 1, 1, 1, 1, 0, 1, 0, 0, 1, 1, 0, 1);
INSERT INTO `hotels_included` (`hotel_id`, `wifi`, `animal_id`, `age_limit`, `safe`, `patio`, `conditioner`, `parking_lot`, `kid_bedroom`, `family_room`, `cafe`, `nature`, `beach`, `public_transport`, `airport_near`) VALUES (90, 0, 0, 1, 1, 0, 0, 1, 1, 1, 1, 0, 0, 1, 1);
INSERT INTO `hotels_included` (`hotel_id`, `wifi`, `animal_id`, `age_limit`, `safe`, `patio`, `conditioner`, `parking_lot`, `kid_bedroom`, `family_room`, `cafe`, `nature`, `beach`, `public_transport`, `airport_near`) VALUES (91, 0, 0, 1, 1, 1, 1, 1, 0, 1, 1, 0, 1, 1, 1);
INSERT INTO `hotels_included` (`hotel_id`, `wifi`, `animal_id`, `age_limit`, `safe`, `patio`, `conditioner`, `parking_lot`, `kid_bedroom`, `family_room`, `cafe`, `nature`, `beach`, `public_transport`, `airport_near`) VALUES (92, 0, 1, 1, 1, 1, 1, 0, 0, 1, 0, 1, 0, 1, 1);
INSERT INTO `hotels_included` (`hotel_id`, `wifi`, `animal_id`, `age_limit`, `safe`, `patio`, `conditioner`, `parking_lot`, `kid_bedroom`, `family_room`, `cafe`, `nature`, `beach`, `public_transport`, `airport_near`) VALUES (93, 0, 0, 1, 1, 0, 1, 1, 1, 1, 1, 0, 0, 1, 1);
INSERT INTO `hotels_included` (`hotel_id`, `wifi`, `animal_id`, `age_limit`, `safe`, `patio`, `conditioner`, `parking_lot`, `kid_bedroom`, `family_room`, `cafe`, `nature`, `beach`, `public_transport`, `airport_near`) VALUES (94, 1, 1, 1, 1, 0, 0, 0, 0, 0, 1, 0, 0, 1, 1);
INSERT INTO `hotels_included` (`hotel_id`, `wifi`, `animal_id`, `age_limit`, `safe`, `patio`, `conditioner`, `parking_lot`, `kid_bedroom`, `family_room`, `cafe`, `nature`, `beach`, `public_transport`, `airport_near`) VALUES (95, 1, 1, 0, 1, 1, 1, 0, 0, 1, 0, 0, 0, 1, 0);
INSERT INTO `hotels_included` (`hotel_id`, `wifi`, `animal_id`, `age_limit`, `safe`, `patio`, `conditioner`, `parking_lot`, `kid_bedroom`, `family_room`, `cafe`, `nature`, `beach`, `public_transport`, `airport_near`) VALUES (96, 0, 0, 0, 0, 0, 1, 0, 1, 1, 0, 0, 0, 0, 0);
INSERT INTO `hotels_included` (`hotel_id`, `wifi`, `animal_id`, `age_limit`, `safe`, `patio`, `conditioner`, `parking_lot`, `kid_bedroom`, `family_room`, `cafe`, `nature`, `beach`, `public_transport`, `airport_near`) VALUES (97, 0, 0, 0, 1, 1, 0, 0, 1, 0, 1, 1, 1, 0, 0);
INSERT INTO `hotels_included` (`hotel_id`, `wifi`, `animal_id`, `age_limit`, `safe`, `patio`, `conditioner`, `parking_lot`, `kid_bedroom`, `family_room`, `cafe`, `nature`, `beach`, `public_transport`, `airport_near`) VALUES (98, 0, 1, 0, 1, 1, 1, 1, 0, 1, 0, 0, 1, 0, 1);
INSERT INTO `hotels_included` (`hotel_id`, `wifi`, `animal_id`, `age_limit`, `safe`, `patio`, `conditioner`, `parking_lot`, `kid_bedroom`, `family_room`, `cafe`, `nature`, `beach`, `public_transport`, `airport_near`) VALUES (99, 0, 1, 0, 0, 1, 1, 1, 0, 1, 0, 1, 1, 0, 0);
INSERT INTO `hotels_included` (`hotel_id`, `wifi`, `animal_id`, `age_limit`, `safe`, `patio`, `conditioner`, `parking_lot`, `kid_bedroom`, `family_room`, `cafe`, `nature`, `beach`, `public_transport`, `airport_near`) VALUES (100, 0, 1, 1, 0, 0, 0, 1, 1, 1, 1, 1, 0, 0, 1);


DROP TABLE IF EXISTS `reviews`;


CREATE TABLE bookings (
  id int NOT null AUTO_INCREMENT primary key,
  user_id int NOT NULL,
  hotel_id int NOT NULL,
  created_at datetime DEFAULT NULL,
  arrival_day datetime DEFAULT NULL,
  check_out_day datetime DEFAULT NULL,
  count_days int unsigned DEFAULT NULL,
  business_trip boolean,
  count_adult int(5) NOT NULL,
  count_child int(5) NOT NULL,
  count_animal int(5) NOT NULL,
  review_id int default NULL,
  CONSTRAINT user_id_booking_fk 
  foreign key (user_id) references users(id),
  CONSTRAINT hotel_id_booking_fk 
  foreign key (hotel_id) references hotels(id)
);

INSERT INTO `bookings` (`id`, `user_id`, `hotel_id`, `created_at`, `arrival_day`, `check_out_day`, `count_days`, `business_trip`, `count_adult`, `count_child`, `count_animal`, `review_id`) VALUES (1, 1, 1, '2003-01-08 22:34:19', '1981-12-04 23:26:55', '2005-02-04 19:30:41', 0, 0, 6, 641465507, 0, 1);
INSERT INTO `bookings` (`id`, `user_id`, `hotel_id`, `created_at`, `arrival_day`, `check_out_day`, `count_days`, `business_trip`, `count_adult`, `count_child`, `count_animal`, `review_id`) VALUES (2, 2, 2, '1998-10-02 07:20:54', '1983-02-26 07:13:47', '1974-08-07 11:11:49', 206, 1, 27577054, 904722611, 2897821, 2);
INSERT INTO `bookings` (`id`, `user_id`, `hotel_id`, `created_at`, `arrival_day`, `check_out_day`, `count_days`, `business_trip`, `count_adult`, `count_child`, `count_animal`, `review_id`) VALUES (3, 3, 3, '2010-05-28 21:47:21', '1992-08-27 08:09:07', '1986-10-08 14:55:17', 734819, 1, 0, 3577713, 485, 3);
INSERT INTO `bookings` (`id`, `user_id`, `hotel_id`, `created_at`, `arrival_day`, `check_out_day`, `count_days`, `business_trip`, `count_adult`, `count_child`, `count_animal`, `review_id`) VALUES (4, 4, 4, '1992-03-04 06:52:47', '1978-11-29 01:30:52', '1974-01-30 06:23:56', 49125, 0, 2515301, 73, 0, 4);
INSERT INTO `bookings` (`id`, `user_id`, `hotel_id`, `created_at`, `arrival_day`, `check_out_day`, `count_days`, `business_trip`, `count_adult`, `count_child`, `count_animal`, `review_id`) VALUES (5, 5, 5, '2002-07-27 00:18:25', '1991-04-16 02:24:00', '1986-12-20 09:15:40', 750012124, 0, 51774981, 6, 9537, 5);
INSERT INTO `bookings` (`id`, `user_id`, `hotel_id`, `created_at`, `arrival_day`, `check_out_day`, `count_days`, `business_trip`, `count_adult`, `count_child`, `count_animal`, `review_id`) VALUES (6, 6, 6, '1995-08-21 06:02:25', '1992-07-14 03:30:28', '2008-01-21 14:17:52', 253, 1, 0, 152, 676042799, 6);
INSERT INTO `bookings` (`id`, `user_id`, `hotel_id`, `created_at`, `arrival_day`, `check_out_day`, `count_days`, `business_trip`, `count_adult`, `count_child`, `count_animal`, `review_id`) VALUES (7, 7, 7, '1996-03-16 22:04:29', '2020-11-16 05:19:54', '2018-04-23 21:22:36', 0, 1, 688, 1588445, 272, 7);
INSERT INTO `bookings` (`id`, `user_id`, `hotel_id`, `created_at`, `arrival_day`, `check_out_day`, `count_days`, `business_trip`, `count_adult`, `count_child`, `count_animal`, `review_id`) VALUES (8, 8, 8, '1973-10-06 17:02:38', '1970-11-15 20:40:53', '1973-06-21 21:33:39', 29580, 0, 0, 9146494, 5, 8);
INSERT INTO `bookings` (`id`, `user_id`, `hotel_id`, `created_at`, `arrival_day`, `check_out_day`, `count_days`, `business_trip`, `count_adult`, `count_child`, `count_animal`, `review_id`) VALUES (9, 9, 9, '1986-09-13 23:57:13', '1975-11-06 13:08:43', '2008-02-12 10:20:30', 52612, 1, 429, 31684, 9691, 9);
INSERT INTO `bookings` (`id`, `user_id`, `hotel_id`, `created_at`, `arrival_day`, `check_out_day`, `count_days`, `business_trip`, `count_adult`, `count_child`, `count_animal`, `review_id`) VALUES (10, 10, 10, '1992-01-19 20:18:19', '2009-11-08 04:33:54', '1999-01-16 06:38:44', 1, 1, 923115, 42, 5131, 10);
INSERT INTO `bookings` (`id`, `user_id`, `hotel_id`, `created_at`, `arrival_day`, `check_out_day`, `count_days`, `business_trip`, `count_adult`, `count_child`, `count_animal`, `review_id`) VALUES (11, 11, 11, '1997-04-30 01:26:18', '1976-11-10 11:08:40', '1995-08-24 00:26:22', 95261, 1, 207, 608, 0, 11);
INSERT INTO `bookings` (`id`, `user_id`, `hotel_id`, `created_at`, `arrival_day`, `check_out_day`, `count_days`, `business_trip`, `count_adult`, `count_child`, `count_animal`, `review_id`) VALUES (12, 12, 12, '1977-05-22 15:14:36', '1979-10-19 16:39:11', '1975-05-07 09:38:59', 708, 1, 8454028, 209, 0, 12);
INSERT INTO `bookings` (`id`, `user_id`, `hotel_id`, `created_at`, `arrival_day`, `check_out_day`, `count_days`, `business_trip`, `count_adult`, `count_child`, `count_animal`, `review_id`) VALUES (13, 13, 13, '1977-03-23 16:46:18', '1970-06-27 09:39:53', '2019-12-20 12:04:55', 338053, 0, 66921, 926104, 543364388, 13);
INSERT INTO `bookings` (`id`, `user_id`, `hotel_id`, `created_at`, `arrival_day`, `check_out_day`, `count_days`, `business_trip`, `count_adult`, `count_child`, `count_animal`, `review_id`) VALUES (14, 14, 14, '1987-10-02 23:34:47', '1995-03-27 06:13:03', '1989-05-30 22:37:00', 28654, 0, 322, 32959, 900789426, 14);
INSERT INTO `bookings` (`id`, `user_id`, `hotel_id`, `created_at`, `arrival_day`, `check_out_day`, `count_days`, `business_trip`, `count_adult`, `count_child`, `count_animal`, `review_id`) VALUES (15, 15, 15, '2001-01-11 01:09:16', '2009-11-27 09:57:59', '1977-07-28 19:48:35', 967, 0, 2173, 71937379, 337620308, 15);
INSERT INTO `bookings` (`id`, `user_id`, `hotel_id`, `created_at`, `arrival_day`, `check_out_day`, `count_days`, `business_trip`, `count_adult`, `count_child`, `count_animal`, `review_id`) VALUES (16, 16, 16, '2019-03-22 14:15:06', '1977-04-10 22:09:36', '1996-12-27 19:51:06', 4234347, 1, 375483568, 194, 5120931, 16);
INSERT INTO `bookings` (`id`, `user_id`, `hotel_id`, `created_at`, `arrival_day`, `check_out_day`, `count_days`, `business_trip`, `count_adult`, `count_child`, `count_animal`, `review_id`) VALUES (17, 17, 17, '2009-02-18 14:48:25', '2015-09-21 04:57:13', '2020-05-09 12:50:17', 78370263, 0, 50295842, 19903368, 5, 17);
INSERT INTO `bookings` (`id`, `user_id`, `hotel_id`, `created_at`, `arrival_day`, `check_out_day`, `count_days`, `business_trip`, `count_adult`, `count_child`, `count_animal`, `review_id`) VALUES (18, 18, 18, '1976-11-26 08:41:27', '1978-05-24 09:55:03', '2003-06-19 03:41:48', 2393, 0, 920712, 833744, 960238, 18);
INSERT INTO `bookings` (`id`, `user_id`, `hotel_id`, `created_at`, `arrival_day`, `check_out_day`, `count_days`, `business_trip`, `count_adult`, `count_child`, `count_animal`, `review_id`) VALUES (19, 19, 19, '1971-12-24 06:38:20', '1985-03-06 16:11:21', '2005-01-12 03:43:33', 0, 0, 4710665, 4019915, 6372, 19);
INSERT INTO `bookings` (`id`, `user_id`, `hotel_id`, `created_at`, `arrival_day`, `check_out_day`, `count_days`, `business_trip`, `count_adult`, `count_child`, `count_animal`, `review_id`) VALUES (20, 20, 20, '2000-06-08 04:11:11', '1976-05-03 18:54:54', '2015-01-22 12:56:30', 0, 1, 70552809, 32631344, 6205794, 20);
INSERT INTO `bookings` (`id`, `user_id`, `hotel_id`, `created_at`, `arrival_day`, `check_out_day`, `count_days`, `business_trip`, `count_adult`, `count_child`, `count_animal`, `review_id`) VALUES (21, 21, 21, '2008-02-18 04:31:35', '1990-02-27 23:53:43', '1998-10-23 09:51:15', 0, 0, 50, 63032, 0, 21);
INSERT INTO `bookings` (`id`, `user_id`, `hotel_id`, `created_at`, `arrival_day`, `check_out_day`, `count_days`, `business_trip`, `count_adult`, `count_child`, `count_animal`, `review_id`) VALUES (22, 22, 22, '1985-06-30 05:10:03', '2020-12-04 05:04:30', '1990-12-02 10:50:11', 6385427, 0, 82, 57, 75472, 22);
INSERT INTO `bookings` (`id`, `user_id`, `hotel_id`, `created_at`, `arrival_day`, `check_out_day`, `count_days`, `business_trip`, `count_adult`, `count_child`, `count_animal`, `review_id`) VALUES (23, 23, 23, '2010-07-09 14:50:01', '2018-01-13 11:01:00', '1991-06-17 11:33:02', 2, 1, 0, 384665, 814232463, 23);
INSERT INTO `bookings` (`id`, `user_id`, `hotel_id`, `created_at`, `arrival_day`, `check_out_day`, `count_days`, `business_trip`, `count_adult`, `count_child`, `count_animal`, `review_id`) VALUES (24, 24, 24, '2009-09-06 11:54:32', '1987-12-12 13:19:14', '1990-11-17 08:13:36', 255, 1, 9838, 18838, 55964, 24);
INSERT INTO `bookings` (`id`, `user_id`, `hotel_id`, `created_at`, `arrival_day`, `check_out_day`, `count_days`, `business_trip`, `count_adult`, `count_child`, `count_animal`, `review_id`) VALUES (25, 25, 25, '2013-09-27 09:37:07', '2013-07-05 20:41:38', '2000-01-07 11:21:49', 696, 0, 86, 83224480, 0, 25);
INSERT INTO `bookings` (`id`, `user_id`, `hotel_id`, `created_at`, `arrival_day`, `check_out_day`, `count_days`, `business_trip`, `count_adult`, `count_child`, `count_animal`, `review_id`) VALUES (26, 26, 26, '2001-07-17 13:18:57', '2002-04-24 03:01:47', '2005-11-26 05:31:08', 379, 1, 31516, 2788, 6, 26);
INSERT INTO `bookings` (`id`, `user_id`, `hotel_id`, `created_at`, `arrival_day`, `check_out_day`, `count_days`, `business_trip`, `count_adult`, `count_child`, `count_animal`, `review_id`) VALUES (27, 27, 27, '2004-06-23 18:35:12', '1980-11-25 00:57:12', '1995-12-06 09:52:43', 6184443, 1, 393424016, 883180, 9041, 27);
INSERT INTO `bookings` (`id`, `user_id`, `hotel_id`, `created_at`, `arrival_day`, `check_out_day`, `count_days`, `business_trip`, `count_adult`, `count_child`, `count_animal`, `review_id`) VALUES (28, 28, 28, '2002-07-09 22:52:55', '2014-03-29 22:40:27', '1980-04-22 15:36:08', 0, 0, 175107161, 9714220, 580637, 28);
INSERT INTO `bookings` (`id`, `user_id`, `hotel_id`, `created_at`, `arrival_day`, `check_out_day`, `count_days`, `business_trip`, `count_adult`, `count_child`, `count_animal`, `review_id`) VALUES (29, 29, 29, '1973-09-14 22:34:36', '1974-08-12 09:51:11', '1989-10-09 07:35:15', 395296942, 0, 0, 331, 909807, 29);
INSERT INTO `bookings` (`id`, `user_id`, `hotel_id`, `created_at`, `arrival_day`, `check_out_day`, `count_days`, `business_trip`, `count_adult`, `count_child`, `count_animal`, `review_id`) VALUES (30, 30, 30, '1998-07-27 19:35:45', '1997-11-23 18:09:52', '1981-06-19 06:19:20', 7, 1, 119074, 688925, 13867, 30);
INSERT INTO `bookings` (`id`, `user_id`, `hotel_id`, `created_at`, `arrival_day`, `check_out_day`, `count_days`, `business_trip`, `count_adult`, `count_child`, `count_animal`, `review_id`) VALUES (31, 1, 31, '1992-04-11 05:34:40', '2012-01-07 23:50:49', '2019-06-02 04:44:50', 92962959, 1, 2239, 96066, 3485, 31);
INSERT INTO `bookings` (`id`, `user_id`, `hotel_id`, `created_at`, `arrival_day`, `check_out_day`, `count_days`, `business_trip`, `count_adult`, `count_child`, `count_animal`, `review_id`) VALUES (32, 2, 32, '2005-09-20 06:16:46', '2008-01-20 14:55:30', '1992-11-10 05:34:47', 9, 0, 810171411, 7173, 7098801, 32);
INSERT INTO `bookings` (`id`, `user_id`, `hotel_id`, `created_at`, `arrival_day`, `check_out_day`, `count_days`, `business_trip`, `count_adult`, `count_child`, `count_animal`, `review_id`) VALUES (33, 3, 33, '1972-09-23 23:23:55', '1987-11-06 12:35:20', '1979-12-14 00:55:36', 0, 1, 4608, 37554082, 57935, 33);
INSERT INTO `bookings` (`id`, `user_id`, `hotel_id`, `created_at`, `arrival_day`, `check_out_day`, `count_days`, `business_trip`, `count_adult`, `count_child`, `count_animal`, `review_id`) VALUES (34, 4, 34, '1993-10-25 04:25:29', '2017-09-28 20:49:52', '1986-04-14 04:41:43', 493871468, 1, 30923375, 544714, 3863139, 34);
INSERT INTO `bookings` (`id`, `user_id`, `hotel_id`, `created_at`, `arrival_day`, `check_out_day`, `count_days`, `business_trip`, `count_adult`, `count_child`, `count_animal`, `review_id`) VALUES (35, 5, 35, '1970-04-10 23:53:33', '2007-06-16 09:28:52', '2017-03-29 09:12:26', 120774241, 0, 2, 52, 97021, 35);
INSERT INTO `bookings` (`id`, `user_id`, `hotel_id`, `created_at`, `arrival_day`, `check_out_day`, `count_days`, `business_trip`, `count_adult`, `count_child`, `count_animal`, `review_id`) VALUES (36, 6, 36, '1979-10-30 04:59:29', '2011-08-28 21:19:48', '1984-03-14 18:21:39', 176, 0, 29725, 8, 6379, 36);
INSERT INTO `bookings` (`id`, `user_id`, `hotel_id`, `created_at`, `arrival_day`, `check_out_day`, `count_days`, `business_trip`, `count_adult`, `count_child`, `count_animal`, `review_id`) VALUES (37, 7, 37, '2008-08-19 00:49:38', '1973-02-22 17:40:14', '1987-09-02 16:18:39', 649912, 0, 15390665, 451, 78321191, 37);
INSERT INTO `bookings` (`id`, `user_id`, `hotel_id`, `created_at`, `arrival_day`, `check_out_day`, `count_days`, `business_trip`, `count_adult`, `count_child`, `count_animal`, `review_id`) VALUES (38, 8, 38, '1975-11-11 12:29:28', '2006-10-06 06:05:14', '1999-09-27 16:18:51', 5288, 1, 485485, 84852711, 630, 38);
INSERT INTO `bookings` (`id`, `user_id`, `hotel_id`, `created_at`, `arrival_day`, `check_out_day`, `count_days`, `business_trip`, `count_adult`, `count_child`, `count_animal`, `review_id`) VALUES (39, 9, 39, '1980-05-14 23:03:57', '1990-02-16 02:12:58', '1971-07-29 09:45:23', 53180142, 0, 7, 12138, 367888132, 39);
INSERT INTO `bookings` (`id`, `user_id`, `hotel_id`, `created_at`, `arrival_day`, `check_out_day`, `count_days`, `business_trip`, `count_adult`, `count_child`, `count_animal`, `review_id`) VALUES (40, 10, 40, '2001-02-26 22:30:02', '1973-04-07 12:36:41', '1993-07-27 16:03:21', 562, 0, 41057588, 23222776, 75478, 40);
INSERT INTO `bookings` (`id`, `user_id`, `hotel_id`, `created_at`, `arrival_day`, `check_out_day`, `count_days`, `business_trip`, `count_adult`, `count_child`, `count_animal`, `review_id`) VALUES (41, 11, 41, '2000-06-20 11:25:31', '1988-01-31 06:18:47', '2020-09-26 05:42:57', 23406, 0, 16847, 9, 891279, 41);
INSERT INTO `bookings` (`id`, `user_id`, `hotel_id`, `created_at`, `arrival_day`, `check_out_day`, `count_days`, `business_trip`, `count_adult`, `count_child`, `count_animal`, `review_id`) VALUES (42, 12, 42, '2002-08-28 23:36:48', '2004-01-05 01:54:03', '1988-12-22 17:59:07', 6470, 1, 2, 85, 0, 42);
INSERT INTO `bookings` (`id`, `user_id`, `hotel_id`, `created_at`, `arrival_day`, `check_out_day`, `count_days`, `business_trip`, `count_adult`, `count_child`, `count_animal`, `review_id`) VALUES (43, 13, 43, '2020-11-30 09:03:09', '1985-01-30 06:56:26', '1982-11-02 06:10:38', 567976, 1, 6, 2059525, 8, 43);
INSERT INTO `bookings` (`id`, `user_id`, `hotel_id`, `created_at`, `arrival_day`, `check_out_day`, `count_days`, `business_trip`, `count_adult`, `count_child`, `count_animal`, `review_id`) VALUES (44, 14, 44, '2016-12-20 10:18:31', '1979-09-27 00:06:19', '2020-05-11 19:52:03', 93, 1, 22, 0, 9081904, 44);
INSERT INTO `bookings` (`id`, `user_id`, `hotel_id`, `created_at`, `arrival_day`, `check_out_day`, `count_days`, `business_trip`, `count_adult`, `count_child`, `count_animal`, `review_id`) VALUES (45, 15, 45, '2017-09-11 03:54:45', '1988-03-27 00:42:08', '1988-05-20 05:16:22', 987493, 1, 2, 91, 159002, 45);
INSERT INTO `bookings` (`id`, `user_id`, `hotel_id`, `created_at`, `arrival_day`, `check_out_day`, `count_days`, `business_trip`, `count_adult`, `count_child`, `count_animal`, `review_id`) VALUES (46, 16, 46, '1984-03-22 12:05:39', '1988-11-23 17:06:28', '1999-01-03 11:40:48', 2794526, 1, 712220615, 7898, 1793832, 46);
INSERT INTO `bookings` (`id`, `user_id`, `hotel_id`, `created_at`, `arrival_day`, `check_out_day`, `count_days`, `business_trip`, `count_adult`, `count_child`, `count_animal`, `review_id`) VALUES (47, 17, 47, '2005-10-19 13:29:10', '2017-06-01 20:39:23', '1986-12-31 23:26:25', 4707743, 0, 96486, 59230972, 291447, 47);
INSERT INTO `bookings` (`id`, `user_id`, `hotel_id`, `created_at`, `arrival_day`, `check_out_day`, `count_days`, `business_trip`, `count_adult`, `count_child`, `count_animal`, `review_id`) VALUES (48, 18, 48, '1992-07-05 20:41:56', '1974-06-23 14:21:43', '2011-09-21 18:29:53', 63, 1, 871, 21, 8636457, 48);
INSERT INTO `bookings` (`id`, `user_id`, `hotel_id`, `created_at`, `arrival_day`, `check_out_day`, `count_days`, `business_trip`, `count_adult`, `count_child`, `count_animal`, `review_id`) VALUES (49, 19, 49, '1973-04-14 07:16:07', '1988-02-27 14:13:40', '1990-01-06 02:12:38', 51166438, 0, 0, 133662, 36, 49);
INSERT INTO `bookings` (`id`, `user_id`, `hotel_id`, `created_at`, `arrival_day`, `check_out_day`, `count_days`, `business_trip`, `count_adult`, `count_child`, `count_animal`, `review_id`) VALUES (50, 20, 50, '2002-11-28 02:11:03', '2016-11-04 06:01:00', '2003-12-02 18:49:05', 5, 0, 303714882, 7776, 3686, 50);
INSERT INTO `bookings` (`id`, `user_id`, `hotel_id`, `created_at`, `arrival_day`, `check_out_day`, `count_days`, `business_trip`, `count_adult`, `count_child`, `count_animal`, `review_id`) VALUES (51, 21, 51, '1987-03-17 12:14:12', '1999-03-14 09:32:16', '2012-03-13 23:37:02', 381, 1, 20476704, 3984, 588550, 51);
INSERT INTO `bookings` (`id`, `user_id`, `hotel_id`, `created_at`, `arrival_day`, `check_out_day`, `count_days`, `business_trip`, `count_adult`, `count_child`, `count_animal`, `review_id`) VALUES (52, 22, 52, '2019-12-02 19:34:21', '1996-09-27 08:26:34', '1996-04-08 18:33:56', 9, 0, 2985677, 68979, 34, 52);
INSERT INTO `bookings` (`id`, `user_id`, `hotel_id`, `created_at`, `arrival_day`, `check_out_day`, `count_days`, `business_trip`, `count_adult`, `count_child`, `count_animal`, `review_id`) VALUES (53, 23, 53, '2012-09-28 19:07:50', '2011-04-04 00:01:57', '1971-03-06 15:20:50', 5661037, 1, 354204, 52648682, 434884, 53);
INSERT INTO `bookings` (`id`, `user_id`, `hotel_id`, `created_at`, `arrival_day`, `check_out_day`, `count_days`, `business_trip`, `count_adult`, `count_child`, `count_animal`, `review_id`) VALUES (54, 24, 54, '1972-03-11 02:11:57', '2012-06-27 20:26:35', '2013-08-13 07:12:38', 9, 1, 1393824, 524328660, 561783164, 54);
INSERT INTO `bookings` (`id`, `user_id`, `hotel_id`, `created_at`, `arrival_day`, `check_out_day`, `count_days`, `business_trip`, `count_adult`, `count_child`, `count_animal`, `review_id`) VALUES (55, 25, 55, '2000-09-18 10:19:13', '1974-12-25 13:47:46', '2015-08-31 10:43:25', 334342, 1, 72, 786122, 82701, 55);
INSERT INTO `bookings` (`id`, `user_id`, `hotel_id`, `created_at`, `arrival_day`, `check_out_day`, `count_days`, `business_trip`, `count_adult`, `count_child`, `count_animal`, `review_id`) VALUES (56, 26, 56, '2014-02-13 02:34:02', '2020-10-04 04:03:09', '1973-04-24 01:50:47', 2166, 0, 4388, 731, 1, 56);
INSERT INTO `bookings` (`id`, `user_id`, `hotel_id`, `created_at`, `arrival_day`, `check_out_day`, `count_days`, `business_trip`, `count_adult`, `count_child`, `count_animal`, `review_id`) VALUES (57, 27, 57, '1993-01-18 01:13:54', '1989-12-24 01:24:36', '1993-05-07 08:23:29', 7, 1, 1315, 760422, 468106, 57);
INSERT INTO `bookings` (`id`, `user_id`, `hotel_id`, `created_at`, `arrival_day`, `check_out_day`, `count_days`, `business_trip`, `count_adult`, `count_child`, `count_animal`, `review_id`) VALUES (58, 28, 58, '1972-12-26 07:12:16', '1995-09-30 15:32:12', '2013-06-16 05:34:08', 27018, 0, 74, 659901, 681850, 58);
INSERT INTO `bookings` (`id`, `user_id`, `hotel_id`, `created_at`, `arrival_day`, `check_out_day`, `count_days`, `business_trip`, `count_adult`, `count_child`, `count_animal`, `review_id`) VALUES (59, 29, 59, '2016-01-29 19:09:29', '2020-07-12 16:30:35', '1977-09-22 03:26:56', 4197014, 1, 822427453, 0, 10454, 59);
INSERT INTO `bookings` (`id`, `user_id`, `hotel_id`, `created_at`, `arrival_day`, `check_out_day`, `count_days`, `business_trip`, `count_adult`, `count_child`, `count_animal`, `review_id`) VALUES (60, 30, 60, '2008-06-20 05:06:20', '1995-10-03 16:33:22', '2016-10-24 03:46:29', 0, 0, 25, 83483547, 709734, 60);
INSERT INTO `bookings` (`id`, `user_id`, `hotel_id`, `created_at`, `arrival_day`, `check_out_day`, `count_days`, `business_trip`, `count_adult`, `count_child`, `count_animal`, `review_id`) VALUES (61, 1, 61, '1993-06-17 19:31:33', '1994-08-16 09:28:23', '1997-01-11 11:13:27', 682465, 0, 98, 144310125, 987179, 61);
INSERT INTO `bookings` (`id`, `user_id`, `hotel_id`, `created_at`, `arrival_day`, `check_out_day`, `count_days`, `business_trip`, `count_adult`, `count_child`, `count_animal`, `review_id`) VALUES (62, 2, 62, '1979-05-23 04:29:48', '1985-11-20 05:37:29', '2015-01-25 03:30:59', 70, 0, 483, 60, 28237, 62);
INSERT INTO `bookings` (`id`, `user_id`, `hotel_id`, `created_at`, `arrival_day`, `check_out_day`, `count_days`, `business_trip`, `count_adult`, `count_child`, `count_animal`, `review_id`) VALUES (63, 3, 63, '1970-01-08 00:35:45', '2010-04-07 10:41:26', '2014-08-05 09:56:54', 162194545, 0, 761327, 65505673, 63326323, 63);
INSERT INTO `bookings` (`id`, `user_id`, `hotel_id`, `created_at`, `arrival_day`, `check_out_day`, `count_days`, `business_trip`, `count_adult`, `count_child`, `count_animal`, `review_id`) VALUES (64, 4, 64, '2017-12-14 01:36:59', '1985-08-05 05:21:58', '1987-05-04 04:20:52', 5888276, 0, 0, 59612150, 318, 64);
INSERT INTO `bookings` (`id`, `user_id`, `hotel_id`, `created_at`, `arrival_day`, `check_out_day`, `count_days`, `business_trip`, `count_adult`, `count_child`, `count_animal`, `review_id`) VALUES (65, 5, 65, '1980-05-09 21:14:06', '1987-04-30 20:29:19', '1997-10-22 12:00:18', 747, 0, 48, 91220, 207953, 65);
INSERT INTO `bookings` (`id`, `user_id`, `hotel_id`, `created_at`, `arrival_day`, `check_out_day`, `count_days`, `business_trip`, `count_adult`, `count_child`, `count_animal`, `review_id`) VALUES (66, 6, 66, '1985-06-20 16:32:07', '2012-11-14 03:20:44', '2001-08-13 04:08:56', 7, 0, 91, 6615, 323287, 66);
INSERT INTO `bookings` (`id`, `user_id`, `hotel_id`, `created_at`, `arrival_day`, `check_out_day`, `count_days`, `business_trip`, `count_adult`, `count_child`, `count_animal`, `review_id`) VALUES (67, 7, 67, '2005-02-23 22:25:27', '2016-06-18 14:01:51', '2014-11-23 05:19:37', 5964, 1, 7, 44787, 563186, 67);
INSERT INTO `bookings` (`id`, `user_id`, `hotel_id`, `created_at`, `arrival_day`, `check_out_day`, `count_days`, `business_trip`, `count_adult`, `count_child`, `count_animal`, `review_id`) VALUES (68, 8, 68, '2015-06-04 09:35:52', '1978-10-13 09:48:29', '1984-06-11 16:31:47', 8085730, 1, 89650, 7416631, 76887, 68);
INSERT INTO `bookings` (`id`, `user_id`, `hotel_id`, `created_at`, `arrival_day`, `check_out_day`, `count_days`, `business_trip`, `count_adult`, `count_child`, `count_animal`, `review_id`) VALUES (69, 9, 69, '1982-07-21 21:55:39', '2005-05-03 11:13:14', '2017-10-30 13:01:55', 92272, 1, 66683253, 748273, 889205079, 69);
INSERT INTO `bookings` (`id`, `user_id`, `hotel_id`, `created_at`, `arrival_day`, `check_out_day`, `count_days`, `business_trip`, `count_adult`, `count_child`, `count_animal`, `review_id`) VALUES (70, 10, 70, '2000-01-20 08:47:32', '1975-07-29 01:47:01', '1978-12-11 07:04:49', 1232, 0, 75, 2975019, 5, 70);
INSERT INTO `bookings` (`id`, `user_id`, `hotel_id`, `created_at`, `arrival_day`, `check_out_day`, `count_days`, `business_trip`, `count_adult`, `count_child`, `count_animal`, `review_id`) VALUES (71, 11, 71, '1979-07-22 06:44:07', '1972-08-22 23:54:40', '1993-08-10 16:29:44', 87, 0, 70863094, 758873, 7544398, 71);
INSERT INTO `bookings` (`id`, `user_id`, `hotel_id`, `created_at`, `arrival_day`, `check_out_day`, `count_days`, `business_trip`, `count_adult`, `count_child`, `count_animal`, `review_id`) VALUES (72, 12, 72, '1991-12-01 17:24:25', '1977-06-10 14:54:16', '1986-11-20 17:35:36', 158513, 1, 665031, 7658422, 462646, 72);
INSERT INTO `bookings` (`id`, `user_id`, `hotel_id`, `created_at`, `arrival_day`, `check_out_day`, `count_days`, `business_trip`, `count_adult`, `count_child`, `count_animal`, `review_id`) VALUES (73, 13, 73, '1971-03-23 20:58:17', '1977-07-09 06:50:27', '2007-09-19 09:56:55', 56930, 0, 1929, 3766, 6203846, 73);
INSERT INTO `bookings` (`id`, `user_id`, `hotel_id`, `created_at`, `arrival_day`, `check_out_day`, `count_days`, `business_trip`, `count_adult`, `count_child`, `count_animal`, `review_id`) VALUES (74, 14, 74, '1984-11-26 23:45:54', '1973-05-01 14:07:16', '2006-02-13 11:32:01', 98728919, 0, 34365384, 3249, 45, 74);
INSERT INTO `bookings` (`id`, `user_id`, `hotel_id`, `created_at`, `arrival_day`, `check_out_day`, `count_days`, `business_trip`, `count_adult`, `count_child`, `count_animal`, `review_id`) VALUES (75, 15, 75, '2017-05-17 23:42:41', '1996-02-12 05:43:27', '2007-04-27 14:13:04', 520147, 1, 8839, 7, 0, 75);
INSERT INTO `bookings` (`id`, `user_id`, `hotel_id`, `created_at`, `arrival_day`, `check_out_day`, `count_days`, `business_trip`, `count_adult`, `count_child`, `count_animal`, `review_id`) VALUES (76, 16, 76, '2019-07-31 11:28:37', '2011-06-13 15:23:14', '1973-06-16 04:49:34', 0, 0, 118636, 3457329, 599, 76);
INSERT INTO `bookings` (`id`, `user_id`, `hotel_id`, `created_at`, `arrival_day`, `check_out_day`, `count_days`, `business_trip`, `count_adult`, `count_child`, `count_animal`, `review_id`) VALUES (77, 17, 77, '1985-08-08 16:45:40', '2003-06-19 12:13:07', '2015-10-10 05:25:44', 98, 0, 767077256, 8, 66420, 77);
INSERT INTO `bookings` (`id`, `user_id`, `hotel_id`, `created_at`, `arrival_day`, `check_out_day`, `count_days`, `business_trip`, `count_adult`, `count_child`, `count_animal`, `review_id`) VALUES (78, 18, 78, '1975-07-14 05:26:25', '1973-08-25 22:55:28', '1972-02-11 22:46:47', 5, 1, 618064, 53520, 546, 78);
INSERT INTO `bookings` (`id`, `user_id`, `hotel_id`, `created_at`, `arrival_day`, `check_out_day`, `count_days`, `business_trip`, `count_adult`, `count_child`, `count_animal`, `review_id`) VALUES (79, 19, 79, '1972-12-09 05:53:46', '2019-02-20 06:19:31', '2017-09-06 01:15:59', 5425848, 1, 8653715, 28462, 9784, 79);
INSERT INTO `bookings` (`id`, `user_id`, `hotel_id`, `created_at`, `arrival_day`, `check_out_day`, `count_days`, `business_trip`, `count_adult`, `count_child`, `count_animal`, `review_id`) VALUES (80, 20, 80, '1980-07-13 23:02:46', '1985-10-15 11:09:33', '2000-04-10 19:18:25', 1, 1, 9, 3140632, 1, 80);
INSERT INTO `bookings` (`id`, `user_id`, `hotel_id`, `created_at`, `arrival_day`, `check_out_day`, `count_days`, `business_trip`, `count_adult`, `count_child`, `count_animal`, `review_id`) VALUES (81, 21, 81, '1970-05-31 11:02:51', '1971-01-22 01:08:24', '2018-01-02 08:46:52', 3, 0, 190494, 55784712, 9646, 81);
INSERT INTO `bookings` (`id`, `user_id`, `hotel_id`, `created_at`, `arrival_day`, `check_out_day`, `count_days`, `business_trip`, `count_adult`, `count_child`, `count_animal`, `review_id`) VALUES (82, 22, 82, '1987-07-30 16:25:10', '1976-05-08 04:02:31', '1993-04-15 10:07:11', 47701, 1, 68427, 9818609, 53968792, 82);
INSERT INTO `bookings` (`id`, `user_id`, `hotel_id`, `created_at`, `arrival_day`, `check_out_day`, `count_days`, `business_trip`, `count_adult`, `count_child`, `count_animal`, `review_id`) VALUES (83, 23, 83, '1991-04-06 18:45:21', '1975-05-15 02:53:32', '1986-04-26 05:12:11', 357642, 0, 8162369, 583925679, 4, 83);
INSERT INTO `bookings` (`id`, `user_id`, `hotel_id`, `created_at`, `arrival_day`, `check_out_day`, `count_days`, `business_trip`, `count_adult`, `count_child`, `count_animal`, `review_id`) VALUES (84, 24, 84, '1998-03-12 14:50:17', '2006-02-08 05:06:49', '1983-02-28 10:12:55', 276239, 1, 84, 331548459, 5, 84);
INSERT INTO `bookings` (`id`, `user_id`, `hotel_id`, `created_at`, `arrival_day`, `check_out_day`, `count_days`, `business_trip`, `count_adult`, `count_child`, `count_animal`, `review_id`) VALUES (85, 25, 85, '1973-04-08 19:27:57', '2013-07-04 22:28:02', '2009-11-26 06:45:34', 68376680, 0, 7344, 7896, 849366, 85);
INSERT INTO `bookings` (`id`, `user_id`, `hotel_id`, `created_at`, `arrival_day`, `check_out_day`, `count_days`, `business_trip`, `count_adult`, `count_child`, `count_animal`, `review_id`) VALUES (86, 26, 86, '2005-03-17 22:34:19', '1987-09-24 17:04:05', '1987-07-27 18:00:51', 165, 0, 0, 2674, 5924768, 86);
INSERT INTO `bookings` (`id`, `user_id`, `hotel_id`, `created_at`, `arrival_day`, `check_out_day`, `count_days`, `business_trip`, `count_adult`, `count_child`, `count_animal`, `review_id`) VALUES (87, 27, 87, '1992-06-04 13:48:51', '2009-03-19 06:57:13', '1978-11-09 00:56:45', 46197, 0, 47, 721848573, 584267855, 87);
INSERT INTO `bookings` (`id`, `user_id`, `hotel_id`, `created_at`, `arrival_day`, `check_out_day`, `count_days`, `business_trip`, `count_adult`, `count_child`, `count_animal`, `review_id`) VALUES (88, 28, 88, '2020-12-06 15:50:49', '2018-11-07 21:46:38', '2017-04-25 23:30:07', 51546, 1, 1490112, 905413, 90, 88);
INSERT INTO `bookings` (`id`, `user_id`, `hotel_id`, `created_at`, `arrival_day`, `check_out_day`, `count_days`, `business_trip`, `count_adult`, `count_child`, `count_animal`, `review_id`) VALUES (89, 29, 89, '1981-06-23 22:21:27', '2003-06-02 23:04:34', '1970-01-16 09:17:56', 797949, 1, 28, 470469036, 2, 89);
INSERT INTO `bookings` (`id`, `user_id`, `hotel_id`, `created_at`, `arrival_day`, `check_out_day`, `count_days`, `business_trip`, `count_adult`, `count_child`, `count_animal`, `review_id`) VALUES (90, 30, 90, '2010-08-11 01:01:29', '1971-07-27 18:49:40', '1998-04-07 01:52:51', 51, 1, 77, 130064288, 23363552, 90);
INSERT INTO `bookings` (`id`, `user_id`, `hotel_id`, `created_at`, `arrival_day`, `check_out_day`, `count_days`, `business_trip`, `count_adult`, `count_child`, `count_animal`, `review_id`) VALUES (91, 1, 91, '2006-09-23 15:02:59', '1986-12-23 13:58:55', '1980-07-26 11:03:51', 287431116, 1, 91029, 556249, 8, 91);
INSERT INTO `bookings` (`id`, `user_id`, `hotel_id`, `created_at`, `arrival_day`, `check_out_day`, `count_days`, `business_trip`, `count_adult`, `count_child`, `count_animal`, `review_id`) VALUES (92, 2, 92, '1977-01-06 03:58:39', '1980-08-23 13:02:24', '2017-03-26 05:42:11', 9200507, 0, 3255, 4, 5, 92);
INSERT INTO `bookings` (`id`, `user_id`, `hotel_id`, `created_at`, `arrival_day`, `check_out_day`, `count_days`, `business_trip`, `count_adult`, `count_child`, `count_animal`, `review_id`) VALUES (93, 3, 93, '1994-07-31 01:31:26', '1986-10-30 17:22:58', '1996-07-16 23:42:39', 1588981, 1, 61856251, 2049, 0, 93);
INSERT INTO `bookings` (`id`, `user_id`, `hotel_id`, `created_at`, `arrival_day`, `check_out_day`, `count_days`, `business_trip`, `count_adult`, `count_child`, `count_animal`, `review_id`) VALUES (94, 4, 94, '2012-03-30 07:14:22', '2010-02-02 00:32:35', '1990-08-30 00:24:34', 0, 1, 397985798, 50, 533062, 94);
INSERT INTO `bookings` (`id`, `user_id`, `hotel_id`, `created_at`, `arrival_day`, `check_out_day`, `count_days`, `business_trip`, `count_adult`, `count_child`, `count_animal`, `review_id`) VALUES (95, 5, 95, '1994-03-25 07:45:07', '1976-02-01 14:02:30', '2010-09-28 18:36:08', 497848109, 0, 1481, 92, 0, 95);
INSERT INTO `bookings` (`id`, `user_id`, `hotel_id`, `created_at`, `arrival_day`, `check_out_day`, `count_days`, `business_trip`, `count_adult`, `count_child`, `count_animal`, `review_id`) VALUES (96, 6, 96, '2010-10-20 03:54:49', '1981-11-15 06:02:51', '1983-10-07 10:41:07', 319594, 1, 62, 946, 57, 96);
INSERT INTO `bookings` (`id`, `user_id`, `hotel_id`, `created_at`, `arrival_day`, `check_out_day`, `count_days`, `business_trip`, `count_adult`, `count_child`, `count_animal`, `review_id`) VALUES (97, 7, 97, '1995-09-05 04:01:46', '1971-11-08 00:25:03', '1979-08-24 17:15:42', 19926, 1, 93672, 828546757, 60, 97);
INSERT INTO `bookings` (`id`, `user_id`, `hotel_id`, `created_at`, `arrival_day`, `check_out_day`, `count_days`, `business_trip`, `count_adult`, `count_child`, `count_animal`, `review_id`) VALUES (98, 8, 98, '2014-08-02 22:10:16', '1990-04-18 13:57:45', '1984-02-27 19:56:14', 648, 1, 8459554, 27, 66, 98);
INSERT INTO `bookings` (`id`, `user_id`, `hotel_id`, `created_at`, `arrival_day`, `check_out_day`, `count_days`, `business_trip`, `count_adult`, `count_child`, `count_animal`, `review_id`) VALUES (99, 9, 99, '1993-03-31 11:46:59', '1992-05-04 13:41:02', '1970-10-25 08:12:12', 50355, 1, 0, 9, 8, 99);
INSERT INTO `bookings` (`id`, `user_id`, `hotel_id`, `created_at`, `arrival_day`, `check_out_day`, `count_days`, `business_trip`, `count_adult`, `count_child`, `count_animal`, `review_id`) VALUES (100, 10, 100, '2002-12-28 09:23:19', '2007-06-30 20:36:30', '2016-01-07 16:13:01', 0, 0, 83972551, 54, 80894521, 100);
INSERT INTO `bookings` (`id`, `user_id`, `hotel_id`, `created_at`, `arrival_day`, `check_out_day`, `count_days`, `business_trip`, `count_adult`, `count_child`, `count_animal`, `review_id`) VALUES (101, 11, 1, '1989-01-15 10:39:48', '1992-03-12 14:55:20', '2004-05-24 00:51:32', 2486, 1, 63, 36, 463715, 101);
INSERT INTO `bookings` (`id`, `user_id`, `hotel_id`, `created_at`, `arrival_day`, `check_out_day`, `count_days`, `business_trip`, `count_adult`, `count_child`, `count_animal`, `review_id`) VALUES (102, 12, 2, '1985-01-09 05:42:53', '2010-12-09 20:44:27', '1980-01-03 18:35:35', 14, 1, 54615447, 6640492, 4, 102);
INSERT INTO `bookings` (`id`, `user_id`, `hotel_id`, `created_at`, `arrival_day`, `check_out_day`, `count_days`, `business_trip`, `count_adult`, `count_child`, `count_animal`, `review_id`) VALUES (103, 13, 3, '1997-02-21 05:59:04', '1978-02-23 08:57:37', '1978-11-12 05:59:20', 977242, 0, 0, 64, 67907258, 103);
INSERT INTO `bookings` (`id`, `user_id`, `hotel_id`, `created_at`, `arrival_day`, `check_out_day`, `count_days`, `business_trip`, `count_adult`, `count_child`, `count_animal`, `review_id`) VALUES (104, 14, 4, '1997-12-03 19:14:22', '2011-02-24 06:27:58', '1993-04-04 08:27:12', 3108075, 0, 46881, 88075140, 306, 104);
INSERT INTO `bookings` (`id`, `user_id`, `hotel_id`, `created_at`, `arrival_day`, `check_out_day`, `count_days`, `business_trip`, `count_adult`, `count_child`, `count_animal`, `review_id`) VALUES (105, 15, 5, '1970-07-19 22:35:00', '2005-11-04 22:30:12', '1987-07-18 10:14:26', 142, 1, 650188, 203, 78188, 105);
INSERT INTO `bookings` (`id`, `user_id`, `hotel_id`, `created_at`, `arrival_day`, `check_out_day`, `count_days`, `business_trip`, `count_adult`, `count_child`, `count_animal`, `review_id`) VALUES (106, 16, 6, '1990-01-23 22:48:58', '1987-04-17 13:58:24', '1980-07-28 19:25:59', 466, 0, 324504249, 1252924, 0, 106);
INSERT INTO `bookings` (`id`, `user_id`, `hotel_id`, `created_at`, `arrival_day`, `check_out_day`, `count_days`, `business_trip`, `count_adult`, `count_child`, `count_animal`, `review_id`) VALUES (107, 17, 7, '1994-10-04 01:10:51', '1994-06-02 04:34:00', '1989-06-29 02:07:08', 0, 1, 239590677, 492219991, 484624217, 107);
INSERT INTO `bookings` (`id`, `user_id`, `hotel_id`, `created_at`, `arrival_day`, `check_out_day`, `count_days`, `business_trip`, `count_adult`, `count_child`, `count_animal`, `review_id`) VALUES (108, 18, 8, '1985-10-29 05:49:50', '2015-12-31 05:52:36', '2002-10-20 10:33:37', 1278429, 0, 58978, 174462, 191, 108);
INSERT INTO `bookings` (`id`, `user_id`, `hotel_id`, `created_at`, `arrival_day`, `check_out_day`, `count_days`, `business_trip`, `count_adult`, `count_child`, `count_animal`, `review_id`) VALUES (109, 19, 9, '2006-11-28 19:36:54', '1978-04-07 04:07:16', '1979-10-04 20:37:39', 472, 1, 619878984, 283, 2, 109);
INSERT INTO `bookings` (`id`, `user_id`, `hotel_id`, `created_at`, `arrival_day`, `check_out_day`, `count_days`, `business_trip`, `count_adult`, `count_child`, `count_animal`, `review_id`) VALUES (110, 20, 10, '1975-10-24 14:14:51', '1992-09-24 18:32:08', '1992-12-12 16:33:03', 40181096, 1, 88066, 6541, 1811653, 110);
INSERT INTO `bookings` (`id`, `user_id`, `hotel_id`, `created_at`, `arrival_day`, `check_out_day`, `count_days`, `business_trip`, `count_adult`, `count_child`, `count_animal`, `review_id`) VALUES (111, 21, 11, '1970-12-15 17:29:43', '1984-12-18 03:10:30', '1998-08-21 22:38:17', 597309, 0, 81, 154915951, 489971680, 111);
INSERT INTO `bookings` (`id`, `user_id`, `hotel_id`, `created_at`, `arrival_day`, `check_out_day`, `count_days`, `business_trip`, `count_adult`, `count_child`, `count_animal`, `review_id`) VALUES (112, 22, 12, '2020-12-18 03:07:12', '1978-12-09 12:34:17', '2011-05-24 10:37:45', 0, 0, 2562010, 1143, 64, 112);
INSERT INTO `bookings` (`id`, `user_id`, `hotel_id`, `created_at`, `arrival_day`, `check_out_day`, `count_days`, `business_trip`, `count_adult`, `count_child`, `count_animal`, `review_id`) VALUES (113, 23, 13, '1989-04-30 06:52:04', '1974-06-16 04:09:37', '2010-03-20 00:34:53', 787, 1, 842101, 951905, 719313, 113);
INSERT INTO `bookings` (`id`, `user_id`, `hotel_id`, `created_at`, `arrival_day`, `check_out_day`, `count_days`, `business_trip`, `count_adult`, `count_child`, `count_animal`, `review_id`) VALUES (114, 24, 14, '1999-08-26 16:06:25', '1994-05-29 08:11:46', '2004-03-26 12:23:53', 24034072, 0, 1, 36420824, 26573, 114);
INSERT INTO `bookings` (`id`, `user_id`, `hotel_id`, `created_at`, `arrival_day`, `check_out_day`, `count_days`, `business_trip`, `count_adult`, `count_child`, `count_animal`, `review_id`) VALUES (115, 25, 15, '1988-04-19 18:33:52', '1975-05-03 14:34:56', '2013-01-18 09:46:02', 898525, 1, 25, 952500, 48402, 115);
INSERT INTO `bookings` (`id`, `user_id`, `hotel_id`, `created_at`, `arrival_day`, `check_out_day`, `count_days`, `business_trip`, `count_adult`, `count_child`, `count_animal`, `review_id`) VALUES (116, 26, 16, '1999-02-17 05:08:54', '1998-05-05 02:52:44', '2012-10-09 06:21:31', 0, 1, 2, 45464402, 41, 116);
INSERT INTO `bookings` (`id`, `user_id`, `hotel_id`, `created_at`, `arrival_day`, `check_out_day`, `count_days`, `business_trip`, `count_adult`, `count_child`, `count_animal`, `review_id`) VALUES (117, 27, 17, '2002-09-18 09:51:49', '2001-07-12 09:08:47', '2016-01-13 04:17:10', 234787493, 0, 94, 613842, 586, 117);
INSERT INTO `bookings` (`id`, `user_id`, `hotel_id`, `created_at`, `arrival_day`, `check_out_day`, `count_days`, `business_trip`, `count_adult`, `count_child`, `count_animal`, `review_id`) VALUES (118, 28, 18, '2007-06-29 11:38:55', '2012-03-07 22:43:16', '2001-04-07 00:27:56', 6950785, 0, 0, 350908932, 866, 118);
INSERT INTO `bookings` (`id`, `user_id`, `hotel_id`, `created_at`, `arrival_day`, `check_out_day`, `count_days`, `business_trip`, `count_adult`, `count_child`, `count_animal`, `review_id`) VALUES (119, 29, 19, '1970-06-17 18:27:32', '1975-10-29 18:32:35', '1990-10-25 04:47:20', 53258, 1, 8980, 51, 3425, 119);
INSERT INTO `bookings` (`id`, `user_id`, `hotel_id`, `created_at`, `arrival_day`, `check_out_day`, `count_days`, `business_trip`, `count_adult`, `count_child`, `count_animal`, `review_id`) VALUES (120, 30, 20, '1988-03-09 11:57:41', '2014-06-20 12:19:17', '1978-05-15 17:30:58', 49, 0, 78602, 85, 77900443, 120);
INSERT INTO `bookings` (`id`, `user_id`, `hotel_id`, `created_at`, `arrival_day`, `check_out_day`, `count_days`, `business_trip`, `count_adult`, `count_child`, `count_animal`, `review_id`) VALUES (121, 1, 21, '1996-05-27 22:30:03', '2000-03-23 20:26:29', '2005-08-02 09:31:59', 6034, 0, 1, 81, 313083, 121);
INSERT INTO `bookings` (`id`, `user_id`, `hotel_id`, `created_at`, `arrival_day`, `check_out_day`, `count_days`, `business_trip`, `count_adult`, `count_child`, `count_animal`, `review_id`) VALUES (122, 2, 22, '2006-02-28 21:58:06', '2005-11-24 07:48:13', '2016-03-20 08:32:26', 0, 0, 95711740, 0, 198323318, 122);
INSERT INTO `bookings` (`id`, `user_id`, `hotel_id`, `created_at`, `arrival_day`, `check_out_day`, `count_days`, `business_trip`, `count_adult`, `count_child`, `count_animal`, `review_id`) VALUES (123, 3, 23, '1989-10-24 00:58:00', '2019-08-29 12:12:34', '1980-09-02 15:56:00', 89, 1, 3310259, 11051, 9360242, 123);
INSERT INTO `bookings` (`id`, `user_id`, `hotel_id`, `created_at`, `arrival_day`, `check_out_day`, `count_days`, `business_trip`, `count_adult`, `count_child`, `count_animal`, `review_id`) VALUES (124, 4, 24, '1991-08-22 07:40:40', '2001-08-08 07:53:00', '2002-04-25 19:18:27', 326056, 0, 90412, 787583585, 49235, 124);
INSERT INTO `bookings` (`id`, `user_id`, `hotel_id`, `created_at`, `arrival_day`, `check_out_day`, `count_days`, `business_trip`, `count_adult`, `count_child`, `count_animal`, `review_id`) VALUES (125, 5, 25, '2014-12-25 09:55:28', '1970-03-05 10:20:08', '1981-09-10 13:32:23', 6, 0, 20223822, 840094, 495, 125);
INSERT INTO `bookings` (`id`, `user_id`, `hotel_id`, `created_at`, `arrival_day`, `check_out_day`, `count_days`, `business_trip`, `count_adult`, `count_child`, `count_animal`, `review_id`) VALUES (126, 6, 26, '2004-10-31 10:53:58', '2005-03-08 16:17:18', '2016-08-07 22:19:20', 152010, 1, 0, 5192, 564347, 126);
INSERT INTO `bookings` (`id`, `user_id`, `hotel_id`, `created_at`, `arrival_day`, `check_out_day`, `count_days`, `business_trip`, `count_adult`, `count_child`, `count_animal`, `review_id`) VALUES (127, 7, 27, '1997-12-02 06:53:31', '1970-12-06 13:54:39', '2009-04-11 12:27:52', 12780, 1, 8037933, 954000122, 6932, 127);
INSERT INTO `bookings` (`id`, `user_id`, `hotel_id`, `created_at`, `arrival_day`, `check_out_day`, `count_days`, `business_trip`, `count_adult`, `count_child`, `count_animal`, `review_id`) VALUES (128, 8, 28, '1991-09-30 05:27:11', '1985-02-25 13:21:03', '1972-03-23 13:57:25', 9192, 1, 65988, 50, 2871783, 128);
INSERT INTO `bookings` (`id`, `user_id`, `hotel_id`, `created_at`, `arrival_day`, `check_out_day`, `count_days`, `business_trip`, `count_adult`, `count_child`, `count_animal`, `review_id`) VALUES (129, 9, 29, '2018-05-06 12:09:58', '1998-11-29 02:35:44', '1991-06-14 09:27:46', 0, 1, 67731, 6942, 0, 129);
INSERT INTO `bookings` (`id`, `user_id`, `hotel_id`, `created_at`, `arrival_day`, `check_out_day`, `count_days`, `business_trip`, `count_adult`, `count_child`, `count_animal`, `review_id`) VALUES (130, 10, 30, '1985-01-26 17:58:52', '2014-12-18 17:11:32', '1990-01-22 01:16:50', 1248, 0, 8493, 7, 85, 130);
INSERT INTO `bookings` (`id`, `user_id`, `hotel_id`, `created_at`, `arrival_day`, `check_out_day`, `count_days`, `business_trip`, `count_adult`, `count_child`, `count_animal`, `review_id`) VALUES (131, 11, 31, '1999-01-12 02:32:07', '1994-01-14 02:01:16', '1975-02-06 01:53:50', 0, 0, 0, 810335894, 8402, 131);
INSERT INTO `bookings` (`id`, `user_id`, `hotel_id`, `created_at`, `arrival_day`, `check_out_day`, `count_days`, `business_trip`, `count_adult`, `count_child`, `count_animal`, `review_id`) VALUES (132, 12, 32, '2016-04-14 23:07:33', '2014-03-04 09:52:13', '2009-03-18 01:07:28', 293900, 1, 6, 471056, 824, 132);
INSERT INTO `bookings` (`id`, `user_id`, `hotel_id`, `created_at`, `arrival_day`, `check_out_day`, `count_days`, `business_trip`, `count_adult`, `count_child`, `count_animal`, `review_id`) VALUES (133, 13, 33, '1994-09-29 04:03:23', '1983-12-29 20:06:15', '1992-09-01 01:26:24', 55, 0, 1843334, 3535400, 732, 133);
INSERT INTO `bookings` (`id`, `user_id`, `hotel_id`, `created_at`, `arrival_day`, `check_out_day`, `count_days`, `business_trip`, `count_adult`, `count_child`, `count_animal`, `review_id`) VALUES (134, 14, 34, '1979-07-29 21:21:01', '2004-12-16 19:47:20', '2000-07-30 09:36:16', 8820, 0, 69563794, 0, 58003432, 134);
INSERT INTO `bookings` (`id`, `user_id`, `hotel_id`, `created_at`, `arrival_day`, `check_out_day`, `count_days`, `business_trip`, `count_adult`, `count_child`, `count_animal`, `review_id`) VALUES (135, 15, 35, '2011-04-28 13:44:36', '1981-06-01 08:33:32', '2019-01-20 13:37:27', 871610, 1, 9141709, 519211128, 209, 135);
INSERT INTO `bookings` (`id`, `user_id`, `hotel_id`, `created_at`, `arrival_day`, `check_out_day`, `count_days`, `business_trip`, `count_adult`, `count_child`, `count_animal`, `review_id`) VALUES (136, 16, 36, '1981-03-31 03:42:59', '1988-02-03 06:47:15', '1992-02-12 06:52:29', 0, 0, 43752766, 642, 551082094, 136);
INSERT INTO `bookings` (`id`, `user_id`, `hotel_id`, `created_at`, `arrival_day`, `check_out_day`, `count_days`, `business_trip`, `count_adult`, `count_child`, `count_animal`, `review_id`) VALUES (137, 17, 37, '2005-07-26 03:47:32', '1987-03-19 17:03:24', '1997-01-03 07:31:29', 8, 0, 3863, 0, 526700, 137);
INSERT INTO `bookings` (`id`, `user_id`, `hotel_id`, `created_at`, `arrival_day`, `check_out_day`, `count_days`, `business_trip`, `count_adult`, `count_child`, `count_animal`, `review_id`) VALUES (138, 18, 38, '2009-11-18 06:02:48', '2016-08-30 09:47:40', '2012-05-28 07:44:58', 0, 1, 6339, 134211, 9, 138);
INSERT INTO `bookings` (`id`, `user_id`, `hotel_id`, `created_at`, `arrival_day`, `check_out_day`, `count_days`, `business_trip`, `count_adult`, `count_child`, `count_animal`, `review_id`) VALUES (139, 19, 39, '1970-02-01 01:08:24', '2012-02-27 01:31:47', '2008-08-06 14:12:32', 451442872, 0, 44, 2, 498929, 139);
INSERT INTO `bookings` (`id`, `user_id`, `hotel_id`, `created_at`, `arrival_day`, `check_out_day`, `count_days`, `business_trip`, `count_adult`, `count_child`, `count_animal`, `review_id`) VALUES (140, 20, 40, '2007-04-14 04:13:43', '2000-05-14 01:47:56', '1994-09-28 20:30:44', 8266, 0, 50, 41062, 9813, 140);
INSERT INTO `bookings` (`id`, `user_id`, `hotel_id`, `created_at`, `arrival_day`, `check_out_day`, `count_days`, `business_trip`, `count_adult`, `count_child`, `count_animal`, `review_id`) VALUES (141, 21, 41, '2000-05-21 05:26:10', '1994-06-24 09:47:49', '2013-06-21 04:12:45', 0, 1, 393166, 44209102, 2540, 141);
INSERT INTO `bookings` (`id`, `user_id`, `hotel_id`, `created_at`, `arrival_day`, `check_out_day`, `count_days`, `business_trip`, `count_adult`, `count_child`, `count_animal`, `review_id`) VALUES (142, 22, 42, '2018-09-13 23:46:21', '1991-06-01 09:52:06', '1984-04-17 07:12:29', 553, 1, 40169, 3, 714317063, 142);
INSERT INTO `bookings` (`id`, `user_id`, `hotel_id`, `created_at`, `arrival_day`, `check_out_day`, `count_days`, `business_trip`, `count_adult`, `count_child`, `count_animal`, `review_id`) VALUES (143, 23, 43, '1989-03-17 10:05:26', '1972-09-01 09:38:35', '2019-05-01 10:41:44', 1008, 0, 0, 5202, 8665201, 143);
INSERT INTO `bookings` (`id`, `user_id`, `hotel_id`, `created_at`, `arrival_day`, `check_out_day`, `count_days`, `business_trip`, `count_adult`, `count_child`, `count_animal`, `review_id`) VALUES (144, 24, 44, '1998-09-22 11:16:13', '1987-05-01 10:59:04', '1971-10-25 11:55:53', 256, 0, 360, 99901755, 39969660, 144);
INSERT INTO `bookings` (`id`, `user_id`, `hotel_id`, `created_at`, `arrival_day`, `check_out_day`, `count_days`, `business_trip`, `count_adult`, `count_child`, `count_animal`, `review_id`) VALUES (145, 25, 45, '2017-06-12 18:52:27', '1995-08-31 21:39:46', '1994-08-16 19:45:29', 102808, 1, 42460836, 82, 5, 145);
INSERT INTO `bookings` (`id`, `user_id`, `hotel_id`, `created_at`, `arrival_day`, `check_out_day`, `count_days`, `business_trip`, `count_adult`, `count_child`, `count_animal`, `review_id`) VALUES (146, 26, 46, '2016-03-12 23:43:58', '2004-10-29 00:40:48', '2004-11-28 04:05:10', 48, 0, 401141030, 536672872, 327, 146);
INSERT INTO `bookings` (`id`, `user_id`, `hotel_id`, `created_at`, `arrival_day`, `check_out_day`, `count_days`, `business_trip`, `count_adult`, `count_child`, `count_animal`, `review_id`) VALUES (147, 27, 47, '1998-10-13 10:34:08', '1989-08-12 11:56:32', '2002-03-26 01:41:23', 0, 1, 96296184, 75197, 0, 147);
INSERT INTO `bookings` (`id`, `user_id`, `hotel_id`, `created_at`, `arrival_day`, `check_out_day`, `count_days`, `business_trip`, `count_adult`, `count_child`, `count_animal`, `review_id`) VALUES (148, 28, 48, '2008-01-05 18:53:36', '2010-07-11 20:19:59', '2000-09-27 10:08:54', 584, 1, 307, 339, 72283301, 148);
INSERT INTO `bookings` (`id`, `user_id`, `hotel_id`, `created_at`, `arrival_day`, `check_out_day`, `count_days`, `business_trip`, `count_adult`, `count_child`, `count_animal`, `review_id`) VALUES (149, 29, 49, '2009-09-28 14:14:04', '1979-02-12 23:52:28', '1995-12-01 15:01:04', 552119, 0, 0, 6048042, 31, 149);
INSERT INTO `bookings` (`id`, `user_id`, `hotel_id`, `created_at`, `arrival_day`, `check_out_day`, `count_days`, `business_trip`, `count_adult`, `count_child`, `count_animal`, `review_id`) VALUES (150, 30, 50, '2002-02-07 19:17:50', '1972-07-03 06:57:45', '1983-07-20 18:13:15', 663663076, 1, 877001, 0, 84243930, 150);

UPDATE bookings SET user_id = FLOOR(1 + RAND() * 30);
UPDATE bookings SET hotel_id = FLOOR(1 + RAND() * 100);
update bookings set created_at = arrival_day - interval (1 + RAND() * 12) month;
update bookings set check_out_day = arrival_day + interval (1 + RAND() * 30) day;
UPDATE bookings SET count_days=DATEDIFF(check_out_day,arrival_day);
UPDATE bookings SET count_adult = FLOOR(1 + RAND() * 3);
UPDATE bookings SET count_animal = FLOOR(1 + RAND() * 1);
UPDATE bookings SET count_child = FLOOR(1 + RAND() * 2);

alter table bookings drop column review_id;

drop table  if exists reviews;
CREATE TABLE reviews (
   id int auto_increment primary key,
   hotel_id int not null,
   rating int(10) NOT null default 0,
   body text NOT NULL COMMENT ' ',
   created_at  datetime DEFAULT null,
   CONSTRAINT hotel_id_reviews_fk 
   foreign key (hotel_id) references bookings(hotel_id)
);

select * from reviews ;

INSERT INTO `reviews` (`id`, hotel_id,  `rating`, `body`, `created_at`) VALUES (1, 83, 8, 'Dicta consequatur doloribus tenetur dolor est. Et rerum eum velit et et. Et blanditiis fugit aut sit. Dolore ullam et tempore aut voluptatem.', '1993-05-03 23:56:40');
INSERT INTO `reviews` (`id`, hotel_id, `rating`, `body`, `created_at`) VALUES (2, 45, 8, 'Beatae quia corporis quis deserunt quia. Similique repellendus pariatur porro. Modi esse tempora labore dolorem maxime ullam magnam.', '2011-03-10 05:20:12');
INSERT INTO `reviews` (`id`, hotel_id,  `rating`, `body`, `created_at`) VALUES (3, 1, 9, 'Et dignissimos nulla aut animi beatae. Quisquam quasi et voluptatem soluta autem vitae aut itaque. Consequatur consequatur quia dignissimos enim et. Quia aut pariatur vero quia vel mollitia.', '2016-07-09 03:37:12');
INSERT INTO `reviews` (`id`, hotel_id,  `rating`, `body`, `created_at`) VALUES (4, 1, 5, 'Et dignissimos nulla aut animi beatae. Quisquam quasi et voluptatem soluta autem vitae aut itaque. Consequatur consequatur quia dignissimos enim et. Quia aut pariatur vero quia vel mollitia.', '2016-07-09 03:37:12');

update hotels set rating = (select avg(rating) from reviews where hotels.id = hotel_id);



-- add more reviews!!!
